업종,브랜드,가맹사업 개월수,가맹점수,가맹점 평균매출액,창업비용,개점률,폐점률
한식,국사랑,95,29,269167 ,"52600",17,51
한식,삼육가珍,66,5,1540660 ,"100448",0,40
한식,전준수명품청기와감자탕,56,18,619235 ,"115000",11,0
한식,남도복국,44,13,599429 ,"104220",69,0
한식,두찜,56,263,240278 ,"47000",62,11
한식,쪽찌,56,30,300907 ,"86700",53,10
한식,지호한방삼계탕,228,68,413563 ,"112200",8,2
한식,발빠닭,82,20,277692 ,"43250",40,25
한식,돼지만,30,7,766992 ,"168000",100,14
한식,갈비만,37,7,1338760 ,"283500",42,0
한식,김용덕의 소문난 부자국밥,150,40,183353 ,"77900",50,0
한식,조춘식동태탕찜,192,8,135921 ,"89350",25,0
한식,배달삼겹 돼지되지,56,116,251514 ,"24500",24,34
한식,한마음정육식당,56,39,512633 ,"125730",30,10
한식,석쇠꾼,28,16,262445 ,"117400",100,31
한식,김형제고기의철학,29,27,948717 ,"111700",55,0
한식,불막열삼,77,79,208789 ,"74150",17,8
한식,팔백집,50,9,408305 ,"95500",33,33
한식,한솥,332,727,352657 ,"96910",4,3
한식,토정삼계탕,59,11,393427 ,"94050",9,18
한식,미식가의구이,36,39,313158 ,"111900",46,0
한식,삼훈국민생아구찜,66,11,369041 ,"144650",18,0
한식,괸당집,23,6,357400 ,"61360",100,0
한식,큰정할매순대국,67,10,294314 ,"94860",0,30
한식,철뚝집,33,15,447252 ,"83300",60,0
한식,명륜진사갈비,44,454,992450 ,"170940",72,0
한식,일품투가리감자탕,26,6,762321 ,"137550",100,0
한식,육분삼십,33,10,565513 ,"94100",70,10
한식,뚱뚱이할머니족발보쌈,196,6,20813 ,"20680",16,0
한식,화평동왕냉면,204,22,287145 ,"30729",0,4
한식,흑도리,37,7,366514 ,"122700",28,0
한식,박가부대,152,127,247592 ,"107993",7,12
한식,장충동왕족발보쌈,242,96,48097 ,"49700",4,22
한식,통달배,36,28,150511 ,"29128",100,35
한식,인생극장,88,108,121679 ,"16400",24,27
한식,삶다 오로지 족발,38,9,671979 ,"63600",33,0
한식,가장맛있는족발,98,406,551310 ,"103200",8,3
한식,나는 밥조폭이다,23,37,54810 ,"41250",100,21
한식,보승회관,43,17,676433 ,"101970",47,5
한식,건강밥상 심마니,37,9,1513090 ,"298700",66,0
한식,더만족,114,31,363009 ,"101900",6,19
한식,담소 소사골 순대 육개장,109,97,540966 ,"134600",11,17
한식,오술차,71,27,289277 ,"58850",11,18
한식,낭만쭈꾸미,88,9,497049 ,"157300",22,66
한식,신의주찹쌀순대,164,160,434069 ,"96570",15,8
한식,청국장과보리밥,133,14,518846 ,"140500",0,21
한식,흥부찜닭,26,110,92470 ,"84753",100,3
한식,진한설렁탕담다,87,3,116813 ,"101554",0,66
한식,삼겹본능,29,183,48509 ,"33557",91,13
한식,놀부유황오리진흙구이,255,1,623671 ,"240780",0,0
한식,놀부항아리갈비,195,7,203115 ,"156719",0,42
한식,놀부화덕족발,87,6,130794 ,"93962",0,50
한식,놀부보쌈족발,383,162,197575 ,"116292",11,21
한식,놀부부대찌개,346,323,217226 ,"103343",7,17
한식,교동전선생,130,37,359159 ,"91500",0,13
한식,현풍닭칼국수,77,38,387449 ,"122100",39,5
한식,갈비애드림,57,12,300667 ,"89920",100,75
한식,안동국밥곰탕,93,31,274169 ,"147000",6,48
한식,목구멍,48,12,501414 ,"107250",33,0
한식,신정골,221,10,112895 ,"103700",10,20
한식,착한막창,58,16,274634 ,"57750",25,6
한식,하수련주왕산삼계탕,174,16,240411 ,"116000",6,0
한식,현대옥,143,141,444768 ,"117005",3,7
한식,빚은,176,55,173369 ,"177250",9,27
한식,한와담,64,6,1039928 ,"200100",33,0
한식,넙딱집,40,5,404116 ,"55350",60,0
한식,유케야,36,22,398695 ,"104500",68,4
한식,안동본가국밥,80,29,394621 ,"91850",10,27
한식,반할맛으로 값어치하는 소고깃집,72,22,881119 ,"176000",27,4
한식,바푸리죽앤즙,66,5,118142 ,"86900",20,40
한식,콩두,23,21,302714 ,"51200",100,0
한식,육수당,68,47,257509 ,"100850",61,14
한식,자연정가 양평해장국,177,57,423790 ,"124900",10,10
한식,북창동순두부,232,62,449761 ,"117200",4,4
한식,남다른감자탕(男다른감子탕),133,70,631245 ,"192168",5,14
한식,월홍갈비,108,5,264298 ,"118350",20,0
한식,족장,108,26,247005 ,"101300",19,42
한식,신사부대찌개&품격삼겹살,64,20,246199 ,"126800",45,35
한식,효자막창,44,13,348061 ,"76150",53,7
한식,집으로돼지,73,32,104143 ,"34350",34,25
한식,축제갈비,38,14,368570 ,"173100",35,0
한식,사랑담은묵은지찜찌개,81,18,139992 ,"37400",11,27
한식,노걸대,166,45,282297 ,"82050",15,37
한식,원조전통명가 통큰할매순대국,86,33,146300 ,"109500",3,54
한식,을용이곱창,31,6,174775 ,"60400",66,16
한식,다솥맛집,33,6,791587 ,"225090",33,0
한식,제주안방갈비,11,35,129776 ,"35860",100,2
한식,맛나감자탕,206,76,516581 ,"159900",3,2
한식,김충기꽃삼겹,39,72,157994 ,"16740",63,15
한식,배씨상회,55,7,136333 ,"57100",42,0
한식,이동규인 왔따쪽갈비,32,36,208333 ,"59100",72,16
한식,어머나생고기,62,15,331018 ,"130600",0,33
한식,메밀골동해막국수,204,9,147439 ,"132800",0,0
한식,형제닭발&오돌뼈,21,11,474058 ,"50670",100,0
한식,JBD 종로빈대떡,329,30,43613 ,"46100",23,6
한식,구이구이쪽갈비,99,33,249926 ,"50500",9,12
한식,주왕산삼계탕,131,15,243997 ,"110640",6,0
한식,대가야삼계탕,131,5,266819 ,"110640",0,0
한식,본건강한상,50,9,290905 ,"98847",11,0
한식,한티재,47,6,428754 ,"151600",33,0
한식,오태호 팔공산돌곱창,24,9,175950 ,"13750",100,0
한식,원청담면옥,26,8,594989 ,"167200",100,0
한식,제주울어멍해장국,43,11,303836 ,"98700",9,0
한식,오덕후,31,8,193723 ,"30480",37,0
한식,뜨끈이 감자탕,69,7,767384 ,"93300",28,0
한식,스타곱스,11,32,1450 ,"63600",100,3
한식,백촌진짜대구막창,48,9,157566 ,"68340",44,11
한식,논골집,268,16,466160 ,"133420",6,18
한식,한통(한마리 통큰)정육식당,75,17,480596 ,"125830",17,11
한식,대장부,94,9,281962 ,"111700",11,33
한식,조선에서왔소,22,8,472000 ,"79280",100,0
한식,오븐에 빠진 막창,51,35,114545 ,"18720",42,0
한식,불끈낙지,77,10,626400 ,"445000",30,0
한식,신의주부대찌개,99,15,260137 ,"95170",0,6
한식,만복한쭈꾸미낙지볶음,81,15,915090 ,"160100",13,0
한식,한동길전통감자탕,177,5,339428 ,"106150",20,20
한식,덤덤덤쪽갈비,45,27,208508 ,"71500",14,100
한식,오과장대패&샐러드바,25,11,271943 ,"66000",100,0
한식,명장복집&24시명장복국,69,5,391497 ,"203500",20,20
한식,남다른대구막창,44,31,195417 ,"72520",19,9
한식,열정담은 국물집,40,13,155694 ,"82300",69,0
한식,땡기요,68,14,134066 ,"82200",21,7
한식,청기와뼈다귀해장국,157,17,640798 ,"130490",11,0
한식,로꼬로꼬,103,5,484735 ,"92760",20,60
한식,북촌삼대갈비,37,21,876830 ,"76560",71,42
한식,무봉리토종순대국,263,148,252477 ,"88800",4,5
한식,방가삼대 얼큰한뼈해장국,34,5,607363 ,"82000",0,0
한식,고봉민김밥人,111,623,182019 ,"59345",2,6
한식,박수근네온천골,188,11,270519 ,"32000",9,9
한식,뼈대있는국밥,25,29,7255 ,"64950",100,0
한식,조리고,49,10,668143 ,"136400",40,20
한식,용추골미궁순대,191,43,60665 ,"85200",9,2
한식,원플러스원 찌개&볶음,25,67,11368 ,"60450",100,17
한식,냉면덕후,9,34,4359 ,"58250",100,20
한식,나주할매 곰탕&뼈해장국,25,38,4616 ,"60450",100,26
한식,1인 한식당,25,39,12345 ,"60450",100,23
한식,도리명가,104,5,152099 ,"122150",20,20
한식,설담재,9,5,695810 ,"107900",60,40
한식,본가어탕,52,9,403004 ,"99600",0,11
한식,족발쌀롱,76,14,225614 ,"117500",21,14
한식,울타리없는만두집,71,16,103449 ,"73500",0,6
한식,단물곤물,95,14,193448 ,"140720",7,57
한식,진원 소우,26,5,1279205 ,"169500",100,0
한식,월수금,126,24,292912 ,"79000",12,33
한식,화성옥,48,9,281297 ,"107250",0,11
한식,가얏골감자탕,197,30,188436 ,"116600",0,13
한식,불타는 형제들,38,17,204611 ,"7300",70,0
한식,만나고쪽갈비가,79,28,191141 ,"63050",17,10
한식,두거리우신탕,80,21,369458 ,"40645",9,9
한식,탕쓱잘튀기는집,23,38,21152 ,"48100",100,0
한식,닥치고곱창,46,17,39965 ,"66050",47,29
한식,꽃차돌,32,7,372051 ,"112550",42,14
한식,약초마을,175,7,315143 ,"13000",0,28
한식,양마니순대곱창,48,8,112194 ,"84600",25,62
한식,조이박꽃도새기,56,6,294078 ,"94100",50,33
한식,김영화부대찌개,26,5,294015 ,"104200",100,0
한식,팔덕식당,42,9,330581 ,"85720",33,11
한식,설동궁찜닭,91,105,278973 ,"57000",58,3
한식,망향비빔국수,119,42,524229 ,"174300",30,2
한식,대관령양푼이동태찌개,182,21,217272 ,"89197",4,4
한식,대박통,109,18,232540 ,"85410",5,22
한식,정광석 항아리보쌈,50,12,625188 ,"139700",25,8
한식,다깡,83,12,291194 ,"89600",8,25
한식,수김밥,70,19,238166 ,"81300",10,0
한식,아부찌부대찌개,29,41,169735 ,"23650",73,2
한식,육쌈냉면,157,102,387973 ,"167280",6,3
한식,백청우칼국수,228,15,390883 ,"140080",0,6
한식,다시오고싶은집이명숙양평해장국,144,3,304398 ,"46750",0,100
한식,삼겹촌놈,76,8,324871 ,"110250",0,62
한식,쭈꾸미도사,23,7,372701 ,"65500",100,0
한식,큰돈쪽쪽갈비,68,6,205717 ,"131500",16,16
한식,생고기대학교,49,13,205635 ,"129300",0,53
한식,쿡친,91,9,119751 ,"62720",0,44
한식,시골통돼지볶음,116,18,284284 ,"26292",5,16
한식,콩시루,252,16,231617 ,"75800",0,25
한식,흑돼지 삼백식당,62,20,471683 ,"101200",10,35
한식,육회본가,47,33,237400 ,"62700",42,36
한식,황금코다리,60,107,549884 ,"146900",50,4
한식,육시리,52,18,876741 ,"137000",27,11
한식,진성아구찜,168,38,276034 ,"63030",5,5
한식,육장장이,24,13,889383 ,"179000",100,0
한식,조가네갑오징어,76,21,509233 ,"101000",14,4
한식,쭈꾸쭈꾸아,53,5,303048 ,"205530",20,60
한식,개성집,37,7,480500 ,"136100",42,28
한식,김영희동태찜&코다리냉면,48,46,273333 ,"104000",39,30
한식,일미리 금계찜닭,110,92,201946 ,"128500",20,15
한식,샤브쌈주머니,105,39,648654 ,"87500",15,7
한식,도리연닭도리탕,50,5,339662 ,"62500",20,0
한식,차돌풍,40,62,679720 ,"106840",58,9
한식,성경만두요리전문점,80,25,348180 ,"139250",20,16
한식,어죽이네철렵국,178,17,153101 ,"17500",0,11
한식,호수꼬치,59,41,190173 ,"37410",53,12
한식,황소갈비,89,12,671252 ,"137270",16,33
한식,백하돼지생갈비,38,5,626685 ,"135350",80,20
한식,봉화산 설렁탕 전문점,47,6,745182 ,"151600",0,0
한식,숯불에닭,70,12,314523 ,"85820",16,8
한식,고집센그집갈비탕,54,58,419137 ,"74140",24,5
한식,양철식당,45,8,382785 ,"118500",25,37
한식,5.5닭갈비,165,60,73164 ,"74700",6,5
한식,청양일초,176,29,354507 ,"108980",6,20
한식,임창정의 모서리족발,41,55,378467 ,"71764",94,9
한식,도야족발보쌈,80,135,368570 ,"80300",23,13
한식,통큰낙지,109,14,354361 ,"176000",28,21
한식,나이스투미츄,89,6,529494 ,"101420",33,66
한식,만식이네와인포차,32,10,210333 ,"61650",40,0
한식,배달짜글OH짜글,23,37,311137 ,"39400",100,0
한식,덕뽀리,51,10,193963 ,"42600",40,70
한식,여장군,59,17,192476 ,"51532",52,23
한식,채돈이,42,6,262761 ,"72700",16,0
한식,모던불닭,24,8,71951 ,"31600",100,0
한식,육첩반상,46,11,440383 ,"111020",36,9
한식,THE진국,116,76,452088 ,"103550",27,13
한식,화덕초 대파불고기,66,7,319143 ,"78900",0,100
한식,대패장사,35,8,190576 ,"69100",12,0
한식,길성이,183,20,378379 ,"277120",0,5
한식,더맛있는족발보쌈,33,11,863313 ,"93630",72,0
한식,제주몬트락,72,6,754992 ,"156300",0,50
한식,존가네,45,93,199563 ,"29620",58,17
한식,백그릇국밥,25,6,392598 ,"104550",100,16
한식,장패(JANGPAE),111,21,317625 ,"121260",4,0
한식,와촌식육식당,67,24,336815 ,"111070",0,4
한식,본설렁탕,68,22,255927 ,"112560",36,45
한식,돼지코생곱창갈비,98,7,175800 ,"84765",57,0
한식,곽만근갈비탕,115,28,660043 ,"166040",0,10
한식,배달삼겹직구삼,47,50,399627 ,"36300",40,10
한식,육대장,105,153,407563 ,"192080",6,20
한식,참토우,118,9,844397 ,"102400",0,11
한식,박군자진주냉면,83,13,495642 ,"21500",23,30
한식,어바웃샤브,190,11,331780 ,"81200",0,9
한식,떡가게 종춘,33,5,1602736 ,"108450",0,0
한식,배부장찌개,57,105,355797 ,"60850",28,14
한식,면채반,104,5,346680 ,"117400",20,20
한식,입큰아구알곤이찜,36,16,214902 ,"21450",62,0
한식,유가네닭갈비,226,196,544369 ,"94850",24,2
한식,삼원돈,33,1,126542 ,"105100",100,0
한식,신촌설렁탕,214,52,421016 ,"28500",5,0
한식,오늘한점,129,14,272857 ,"162295",0,35
한식,돌배기집,85,47,768326 ,"120830",8,34
한식,본가,226,36,896468 ,"193940",2,25
한식,백종원의원조쌈밥집,335,28,537583 ,"137360",21,25
한식,한신포차,137,141,993924 ,"167330",14,4
한식,새마을식당,185,127,582625 ,"99080",7,18
한식,우주최강도시락,80,13,276662 ,"72580",53,7
한식,단골손님,26,15,545108 ,"87800",100,0
한식,황장군,60,17,1018159 ,"237800",0,23
한식,연안식당,39,209,904846 ,"127375",53,8
한식,삼청동멸치국수,58,12,209218 ,"54800",41,0
한식,황금식당,44,1,688007 ,"115055",0,100
한식,차돌6키로,37,1,314341 ,"127375",0,100
한식,맵도리탕,56,37,273747 ,"39045",59,8
한식,신마포갈매기,152,137,580550 ,"135350",5,19
한식,미추냉삼,27,1,366111 ,"120390",0,0
한식,123막창,54,26,354106 ,"93500",38,7
한식,육회말투아웃,55,10,294622 ,"54625",20,40
한식,고래식당,48,21,544663 ,"117255",4,4
한식,고래감자탕,49,12,828646 ,"117255",0,0
한식,마녀가 만든 족발,61,11,308221 ,"99800",9,45
한식,청사월보리밥과쭈꾸미,47,11,401052 ,"142800",9,0
한식,행복가마솥밥&알솥밥,45,23,429093 ,"131707",60,13
한식,채선당,195,187,569307 ,"379280",3,14
한식,바다향왕코다리,21,5,722355 ,"211200",100,0
한식,샤브보트,55,32,469799 ,"94536",18,6
한식,홍구등갈비,76,6,262593 ,"34720",16,33
한식,온누리장작구이,171,9,737564 ,"169890",0,0
한식,이화수전통육개장,89,173,482307 ,"95500",8,10
한식,맛들의축제,50,13,19483 ,"72200",38,53
한식,어명이요,65,3,362284 ,"68450",33,33
한식,종로직화쭈꾸미,75,5,666306 ,"62800",0,80
한식,"소담애 족발,보쌈",130,19,351 ,"103100",0,21
한식,88콩나물국밥,58,7,258174 ,"59200",42,14
한식,웰미가,74,5,623070 ,"88433",20,40
한식,천사곱창,58,42,72320 ,"55800",50,4
한식,또와유 명태간장조림,111,30,290700 ,"83600",10,23
한식,존슨부대찌개,82,41,198950 ,"79100",19,9
한식,쭈꾸미시스터즈,69,4,501574 ,"101500",0,100
한식,살아있네아구,54,5,245567 ,"102020",0,0
한식,철순이네김치찌개,31,11,206567 ,"90000",100,72
한식,청실홍실,34,13,228573 ,"74600",15,53
한식,땅스부대찌개,50,177,171677 ,"30600",83,1
한식,미스터닭찜,46,8,41417 ,"44470",62,75
한식,미스터보쌈5379,107,93,186812 ,"55250",7,31
한식,삼겹구이,111,14,183333 ,"26680",14,28
한식,고을래이베리코흑돼지,41,8,562241 ,"107745",0,12
한식,백철판0410,71,8,383252 ,"110160",0,25
한식,모두국밥,48,5,272175 ,"80300",40,0
한식,온채당,61,18,463274 ,"196950",11,5
한식,쌀눈쌀 현미누룽지,59,46,15656 ,"19700",8,58
한식,내가찜한닭,109,29,477054 ,"180700",0,10
한식,생극해장국,44,14,142456 ,"92500",64,0
한식,참한국밥,26,6,176151 ,"76620",100,0
한식,홍반장신의주찹쌀순대와감자탕,169,5,570049 ,"78950",0,20
한식,등뼈가,191,85,172915 ,"84000",9,4
한식,별법 동태탕 왕해물찜,102,23,113269 ,"53350",0,47
한식,내담 대구탕 해물갈비찜,99,43,84190 ,"53350",18,20
한식,얌샘김밥,65,169,263206 ,"63050",40,8
한식,김경자소문난대구왕뽈찜,76,16,431342 ,"139200",43,6
한식,바베큐통족구이,135,38,120373 ,"73950",2,26
한식,동서네낙지,97,23,245623 ,"66580",13,17
한식,닭갈비제작소,73,32,434920 ,"106700",0,0
한식,착한돼지,95,21,836216 ,"221975",4,14
한식,조선닭볶음탕,57,11,369861 ,"52050",0,18
한식,놀란돼지,177,14,126700 ,"64700",0,0
한식,놀란곱창,194,9,51859 ,"64700",0,22
한식,고기는 모름지기 연탄구이,26,9,419855 ,"70941",100,11
한식,상도늘보리,55,15,438032 ,"94100",0,20
한식,족제소,18,2,16792 ,"85774",100,0
한식,소소린,31,28,97981 ,"36400",85,7
한식,폭풍갈비,31,8,116620 ,"115000",50,37
한식,설레족발,34,5,422237 ,"76800",0,0
한식,삼육오 족발찜닭,77,12,379123 ,"144570",0,16
한식,더자반(The자반),36,2,447915 ,"111550",50,0
한식,조미료를넣지않은참마마된장,38,7,246607 ,"96850",71,0
한식,해까득,116,11,182483 ,"63610",18,27
한식,장수본가해장국,77,13,438883 ,"61600",23,23
한식,더도이종가집돼지국밥,67,6,1270883 ,"319000",0,0
한식,꼽창꼽창,44,6,391600 ,"93739",16,66
한식,반주(BANJOO),63,1,3317161 ,"346800",0,0
한식,한옥마을전주비빔밥,58,46,270745 ,"113850",45,0
한식,육풍,82,31,720554 ,"195550",0,61
한식,별을 품은 곱창,64,14,316449 ,"61063",21,21
한식,삼대족발,64,9,364560 ,"97535",44,11
한식,오복미역,65,52,541683 ,"172750",7,19
한식,불란다쭈꾸미,86,3,372632 ,"106500",0,0
한식,두부본가어묵,89,11,166147 ,"68650",9,0
한식,낙원갈비집,22,8,1105437 ,"294630",100,0
한식,원가회관,34,10,216754 ,"98800",70,60
한식,서울전통육개장,58,7,370286 ,"79890",0,14
한식,목촌나주곰탕왕갈비탕,40,15,300612 ,"106800",60,13
한식,가마실감자탕,38,6,96809 ,"85600",16,0
한식,제주면장,46,10,316498 ,"101800",30,10
한식,미스터오징어,82,29,620444 ,"98500",6,58
한식,희귀한족발,24,34,19105 ,"27500",100,0
한식,도니스바베큐,30,14,101640 ,"10350",57,14
한식,1인자감자탕,178,30,521677 ,"75500",3,3
한식,목촌사골돼지국밥,158,26,467485 ,"106500",15,23
한식,나능이,97,40,593765 ,"86350",17,0
한식,화사랑화로구이,120,5,2160006 ,"163950",20,20
한식,곰작골나주곰탕,109,18,556847 ,"96800",11,27
한식,손군부대찌개,27,8,169206 ,"88900",50,0
한식,백곱식당,28,4,900686 ,"70650",75,0
한식,원할머니,355,252,485243 ,"115121",21,10
한식,꼬기냉면,90,6,223773 ,"79800",16,33
한식,비빔밥 냉면을 부탁해,11,14,11971 ,"30115",100,0
한식,일품양평해장국,38,47,190830 ,"63160",63,10
한식,해장꾹이,65,8,295054 ,"140600",62,0
한식,방일해장국,253,70,204563 ,"88600",1,5
한식,곤지암 한우 소머리국밥,44,23,153228 ,"55735",56,26
한식,햇잎갈비,147,9,281950 ,"151800",0,11
한식,소플러스,47,18,1700510 ,"657162",27,0
한식,청와삼대,115,34,322804 ,"164200",5,17
한식,하남돼지집,105,169,636677 ,"157500",3,20
한식,오봉도시락,129,85,120479 ,"49500",8,30
한식,바베큐덕삼이&화끈한닭발러,26,6,136445 ,"39600",100,16
한식,우거지품은순대국,50,28,344389 ,"70210",46,10
한식,칼국수한마당,24,8,191194 ,"52820",100,0
한식,삼겹살 곱빼기 배달전문 고기한끼,36,22,143689 ,"39800",18,18
한식,족발3시30분,36,12,255790 ,"84928",16,33
한식,샤브담,36,7,56245 ,"147750",0,14
한식,손문대구막창갈매기살,138,25,154531 ,"114070",0,24
한식,숙성의미,26,38,37193 ,"114100",100,0
한식,날마다대박나는집,46,14,1782720 ,"555500",14,0
한식,고기듬뿍대왕비빔밥,31,93,176845 ,"46750",61,3
한식,삼백집,135,32,431966 ,"188450",6,12
한식,통큰두마리찜닭,31,33,142412 ,"29654",75,3
한식,봉추찜닭,245,154,299945 ,"110435",3,4
한식,잭아저씨족발&보쌈,70,45,295250 ,"59357",13,8
한식,본앤본,77,13,124676 ,"54800",0,23
한식,제주고깃집,86,7,221567 ,"91550",28,0
한식,문창식갈비탕,34,5,226475 ,"117200",20,0
한식,두남자찜닭,86,17,441250 ,"155300",0,5
한식,어부의 밥상,67,6,948934 ,"144650",16,16
한식,대독장,50,5,367470 ,"95950",20,0
한식,유장춘 닭개장,59,17,385682 ,"111350",5,17
한식,명태어장,25,30,382307 ,"91300",100,0
한식,바로만든족발,22,9,155919 ,"58900",100,0
한식,대마족발,37,36,396351 ,"67800",55,11
한식,숯겹살집,44,9,197159 ,"87000",11,44
한식,태기산더덕순대,254,8,469785 ,"82300",12,0
한식,자성화 맛집 코다리네,38,58,504031 ,"103510",39,17
한식,장가네 일품순두부,35,20,772350 ,"159100",75,5
한식,부대통령뚝배기,36,32,198745 ,"59400",68,3
한식,금강산감자탕,213,13,419164 ,"121201",0,46
한식,뚝배기양평해장국,231,26,337101 ,"14900",7,7
한식,장터순대국감자탕,72,12,109524 ,"16850",50,16
한식,진이찬방,188,90,207796 ,"62900",20,18
한식,파주닭국수,52,37,233634 ,"94850",32,10
한식,서래갈매기,142,27,470800 ,"77000",0,37
한식,일차돌,35,83,425341 ,"71500",80,30
한식,명동칼국수샤브샤브,177,52,335186 ,"115500",9,21
한식,무쏘,38,48,598163 ,"89400",93,4
한식,쉐프돼지,44,9,100564 ,"48100",22,33
한식,하누소,165,5,2674550 ,"624730",0,40
한식,장인족발608,62,13,722716 ,"73480",23,15
한식,가인채,95,9,953401 ,"357500",0,66
한식,밥장인돼지찌개,70,41,250017 ,"56900",46,19
한식,갈통삼,47,53,186212 ,"38750",56,13
한식,첫번째필족사랑,116,8,131997 ,"40800",0,25
한식,김치도가,24,8,330195 ,"88735",100,0
한식,바보돼지두마리,45,11,187091 ,"54580",27,27
한식,제이브이엘(JVL)부대찌개,37,8,283589 ,"105375",25,12
한식,착한명태,25,6,256667 ,"90600",100,0
한식,정통집,28,48,516535 ,"68449",100,0
한식,진송추어탕,78,12,45301 ,"95900",0,58
한식,반반식당,55,12,280436 ,"188700",0,8
한식,막돼먹은막창,126,5,259637 ,"47100",0,0
한식,바보형제쭈꾸미,84,21,445993 ,"157950",4,9
한식,마당쇠돼지갈비,144,23,199716 ,"64150",13,8
한식,마당쇠껍데기와소금구이,88,21,87050 ,"57220",85,0
한식,돈오락쪽갈비,132,31,247682 ,"85850",29,9
한식,대독장,74,24,367470 ,"95950",4,0
한식,송주불냉면앤칼국수,190,46,85882 ,"43350",23,6
한식,도도랑,107,9,308028 ,"117350",0,0
한식,제주미향해장국,68,13,231994 ,"76500",0,0
한식,한촌설렁탕,416,92,542583 ,"149100",22,3
한식,백미옛날갈비,30,6,599835 ,"122700",50,16
한식,더담 부대찌개,27,5,318723 ,"107600",80,0
한식,곱깨비,37,32,73096 ,"37400",40,40
한식,통큰손쭈꾸미마을,64,4,443705 ,"136450",0,50
한식,미사리밀빛초계국수,107,25,523696 ,"82700",20,16
한식,교동면옥,39,35,820597 ,"93950",62,0
한식,명랑회관,53,3,641586 ,"128450",0,0
한식,곱분이 곱창,31,43,408759 ,"58740",100,13
한식,수육국밥.보쌈전문점 더참맛수육국밥앤보쌈,103,17,510488 ,"80000",0,5
한식,시루향기,156,51,393211 ,"112650",0,25
한식,혼밥대장,35,21,227857 ,"116300",52,0
한식,유가네 한우곰탕,74,72,117425 ,"166100",47,26
한식,주원명가,157,9,166260 ,"123740",0,11
한식,김해시락국밥,161,17,114989 ,"38500",11,11
한식,전주옥,94,5,138382 ,"51500",0,0
한식,부대장,39,9,136629 ,"103100",100,0
한식,홍춘천,65,145,218042 ,"117600",30,22
한식,장도뚝배기,58,6,209606 ,"65400",0,83
한식,천하제일족발,80,15,191212 ,"119750",33,80
한식,계경순대국,82,42,302623 ,"57150",21,16
한식,무한장소,52,8,100179 ,"147650",0,100
한식,한모둠,153,44,332937 ,"130093",0,20
한식,송담추어탕,131,92,393135 ,"92000",18,11
한식,옛날농장,242,16,1081265 ,"125516",6,0
한식,이동근선산뒷고기,57,8,281250 ,"87900",25,25
한식,돔베초밥,31,8,1217009 ,"398800",12,0
한식,홍대칼국수와족발,99,30,308167 ,"113900",26,16
한식,역전국밥,11,10,701638 ,"83400",100,0
한식,접시고기,23,9,614478 ,"67450",100,0
한식,소래버섯나라,139,6,365000 ,"183370",0,16
한식,남노갈비,197,15,142536 ,"128200",6,26
한식,참이맛감자탕,187,63,454055 ,"118500",7,22
한식,셰프의 국수앤육개장,95,10,237519 ,"65910",20,30
한식,본래순대,83,85,170719 ,"95090",10,22
한식,한가네숯불닭갈비,89,46,461700 ,"103282",19,15
한식,배사장,22,6,373482 ,"52740",100,0
한식,부산아지매국밥,94,44,439685 ,"100750",18,6
한식,육콩,58,4,230000 ,"102220",0,0
한식,군산오징어,112,30,263125 ,"108880",10,36
한식,신가네정읍국밥,67,9,314120 ,"199898",33,0
한식,화요옥,31,12,102927 ,"113100",100,75
한식,아재불닭발,50,13,237972 ,"21130",61,0
한식,문래돼지불백,52,9,364293 ,"70100",11,0
한식,토고리 옛날막창 소갈비살,55,36,245670 ,"62261",58,25
한식,아빠곰탕,66,24,230511 ,"108200",20,54
한식,찌개의 역사,28,5,229113 ,"39500",80,0
한식,순흥골,140,7,554414 ,"149370",0,14
한식,제주둘레국수,31,9,296617 ,"69750",100,11
한식,송옥,11,6,805081 ,"139800",100,0
한식,육전국밥,29,12,250034 ,"143550",100,8
한식,춘향골남원추어탕,286,40,421453 ,"12000",2,5
한식,마통삼(마스터통삼겹),40,71,168369 ,"48090",54,14
한식,조선화로집,38,55,1421451 ,"128500",74,9
한식,제주 흑다돈,116,18,230195 ,"121600",0,16
한식,제주도야지판,90,5,510868 ,"253600",0,60
한식,감동까스,29,43,199696 ,"20050",58,53
한식,이바돔감자탕,236,82,717336 ,"244800",7,36
한식,이바돔 외식 Family,70,15,772238 ,"244800",0,60
한식,형제들 감자탕,26,10,623654 ,"92010",100,0
한식,육회먹은연어,68,6,409310 ,"54700",33,33
한식,일호감자탕,64,9,396564 ,"90510",100,0
한식,강촌식당,29,13,456167 ,"115300",69,15
한식,돈통마늘보쌈,139,77,315111 ,"77900",7,11
한식,월선네,130,11,325292 ,"66500",54,9
한식,킹콩부대찌개,106,133,291559 ,"106150",17,10
한식,송화삼계탕&닭갈비,44,6,291236 ,"109700",16,0
한식,팔색삼겹살,105,7,847357 ,"98600",14,28
한식,콩불,144,36,306590 ,"70250",5,50
한식,기막힌뒷고기,32,5,194146 ,"72400",0,0
한식,39℃락,25,9,104162 ,"69430",100,0
한식,춘천중앙로숯불닭갈비,22,3,253347 ,"89050",100,0
한식,요달의 찜닭,26,19,300000 ,"48400",100,0
한식,3일국밥,64,8,229273 ,"75800",37,75
한식,첨단돌솥감자탕,68,24,134364 ,"133150",16,8
한식,한옥집김치찜,28,8,587370 ,"164000",62,0
한식,진고집동해동태탕&냉면,50,8,334397 ,"85050",25,0
한식,백채,75,140,253638 ,"46860",10,5
한식,153포인츠(POINTZ),83,9,355533 ,"87510",0,0
한식,뚱뚱이할머니족발보쌈,196,18,20813 ,"20680",5,0
한식,진배기 원조할매국밥,172,65,283061 ,"74000",0,7
한식,쎌빠,130,7,291098 ,"125750",0,14
한식,맛찬들왕소금구이,95,92,1171640 ,"182500",9,5
한식,왔쏘,43,10,452522 ,"16500",10,20
한식,본도시락,125,348,322355 ,"80495",8,3
한식,남자마늘보쌈,92,5,589627 ,"195850",0,60
한식,맛깔참죽,212,131,157490 ,"63150",14,15
한식,아지야가꿉으께,39,6,248596 ,"28400",16,50
한식,최용석의 뼈큰청진동해장국,153,5,536434 ,"129300",0,20
한식,뼈큰감자탕,62,16,496015 ,"164500",6,0
한식,우리동네 대패집,47,5,289406 ,"50300",20,0
한식,전주24시참편한39콩나물국밥,43,14,543426 ,"136700",42,0
한식,닭발싸롱,66,13,271456 ,"51700",53,30
한식,바우네 나주곰탕,41,53,281883 ,"70980",33,32
한식,소공동뚝배기집,72,15,378451 ,"78375",6,46
한식,삼겹파티,120,50,250617 ,"75050",2,18
한식,뚱삼이와대삼이,67,25,331503 ,"88600",12,8
한식,개정,137,15,836139 ,"283000",0,0
한식,고향옥얼큰순대국,96,15,743713 ,"110000",46,0
한식,한올면옥,11,14,376898 ,"187550",35,14
한식,반마리가격에한마리반한찜닭,20,9,126044 ,"34933",100,0
한식,택이네 조개전골,26,15,562955 ,"91300",66,0
한식,모두의만족,58,15,299573 ,"32700",60,46
한식,갈비에 빠지다,30,6,484411 ,"106400",83,0
한식,국민수육국밥&막국수,75,10,194155 ,"94870",0,40
한식,밤새먹소,51,10,744904 ,"97950",50,0
한식,바우네나주곰탕,76,174,260826 ,"72630",45,18
한식,본죽&비빔밥cafe,74,397,328888 ,"101010",26,1
한식,갈비냉면,26,21,84263 ,"36947",100,4
한식,The 진한 나주곰탕 1인용,26,49,67307 ,"37489",100,16
한식,본죽,219,1087,198712 ,"71750",0,6
한식,온리김치찌개(Only김치찌개),33,27,82582 ,"36410",92,33
한식,자박갈비,34,6,532093 ,"103100",50,0
한식,일품장수미역,49,10,231646 ,"139680",30,30
한식,명사순대,64,5,291465 ,"94550",20,20
한식,생생낙지,125,6,155754 ,"134780",16,0
한식,조마루감자탕,290,190,292787 ,"154478",3,6
한식,만권화밥,55,16,191758 ,"90000",62,0
한식,마린보이동태탕.찜.코다리1번가,45,17,182844 ,"79500",41,41
한식,우박집,120,10,349598 ,"70050",10,20
한식,시골애,142,19,485817 ,"117700",0,0
한식,우된장,11,7,223286 ,"35200",100,0
한식,감성족발,38,8,206593 ,"64600",12,12
한식,밥통령,45,60,98387 ,"8800",50,13
한식,삼교리동치미막국수,96,12,429789 ,"135000",41,8
한식,다담뜰 한식뷔페,74,15,1362000 ,"678800",0,6
한식,봉할매김치찌개불백,50,10,205749 ,"94600",40,30
한식,삼곱식당,61,20,572205 ,"118900",40,30
한식,담미온,42,11,860099 ,"130800",45,0
한식,이태리부대찌개,53,39,452189 ,"96160",23,2
한식,돼지33,28,7,251149 ,"53900",85,0
한식,삼선미나주곰탕,11,6,576705 ,"129050",100,0
한식,쌈촌,120,49,286798 ,"162800",2,2
한식,정대박나주곰탕,26,9,197705 ,"129050",100,0
한식,곤지암할매소머리국밥,74,106,133352 ,"49300",31,13
한식,맷돌로만,95,13,442500 ,"137750",15,7
한식,열선수애호박돼지국밥,45,11,129066 ,"64625",9,9
한식,엉터리 해장국&감자탕&곱창전골,40,11,562781 ,"205800",0,9
한식,엉터리생고기 두번째이야기 무한삼겹,61,106,461095 ,"199700",2,35
한식,복사꽃피는집,42,7,872828 ,"227100",57,0
한식,데일리갈비,51,6,171256 ,"40920",50,66
한식,번지농장돌판아구찜,127,14,406796 ,"113000",14,14
한식,삼시세때,147,18,359869 ,"83600",0,22
한식,엉터리생고기,176,61,613348 ,"188700",0,16
한식,댓짱돈까스,120,13,649505 ,"175060",0,0
한식,사계진미 숯불닭갈비,38,27,424289 ,"105900",55,7
한식,노마세야매운갈비찜,96,18,245374 ,"96700",16,33
한식,옥이네김치찌개와직화삼겹,26,49,25425 ,"28740",100,0
한식,울엄마 양평해장국,67,49,333739 ,"76500",12,28
한식,진국본가,34,10,278418 ,"119300",50,0
한식,조춘식동갑이네,83,16,264673 ,"72300",31,31
한식,따띠삼겹,23,15,211190 ,"26850",100,0
한식,경복궁삼계탕,24,14,530851 ,"50100",100,0
한식,샤브마니아,30,17,762947 ,"133900",70,0
한식,대독장,65,32,367470 ,"95950",3,0
한식,메밀고개 시골막국수,117,8,81862 ,"105300",25,12
한식,홍익궁중전통육개장,84,55,363090 ,"129490",7,27
한식,대동,120,80,394530 ,"193600",43,3
한식,코다리밥상,64,21,787707 ,"196100",19,9
한식,육마니 옛날전통육개장,80,13,214536 ,"113300",30,15
한식,한상차림 코다리명가,36,15,598880 ,"149820",60,0
한식,누리마을감자탕,211,59,341071 ,"171300",0,10
한식,전통맛집 할매순대국,44,13,270003 ,"70150",23,0
한식,사골먹은 감자탕,25,7,108869 ,"57550",100,0
한식,만족오향족발,85,23,474686 ,"106950",4,39
한식,도둑고기,42,31,556107 ,"101150",22,9
한식,화통삼,98,37,334118 ,"90450",0,59
한식,굴마을낙지촌,203,33,345326 ,"98010",3,21
한식,코다차야,91,14,1917239 ,"372480",0,7
한식,한패,70,6,383180 ,"95200",0,83
한식,"고기,원칙",47,52,470886 ,"88770",67,1
한식,사람사는고깃집김일도,35,13,1055353 ,"134525",30,0
한식,김둘레순대국,68,16,472932 ,"79450",25,12
한식,전주남문조춘자토종피순대국,95,28,280683 ,"72100",10,46
한식,정가대박집,135,34,621258 ,"215400",8,5
한식,맛없으면 환불해주는 장군집,11,15,976502 ,"43071",100,0
한식,마음을 담은 김치찌개,38,14,213154 ,"43000",57,57
한식,인생해장국,30,13,326422 ,"86110",76,7
한식,굿맘할매순대국&양선지해장국,50,56,367974 ,"65210",12,12
한식,팜팜대패,30,11,80226 ,"120580",90,0
한식,신단설렁탕,79,8,147273 ,"35200",37,50
한식,88선수촌,12,15,522572 ,"87700",100,26
한식,두리맛감자탕,141,21,529286 ,"109700",14,19
한식,주순희찌개마을시골촌,136,9,237960 ,"74800",0,55
한식,예향정,67,41,425277 ,"162000",4,17
한식,호세야오리바베큐,78,84,90009 ,"74800",13,8
한식,차돌육미,27,6,262491 ,"96500",50,66
한식,전주팔미콩나물국밥,53,23,403856 ,"96500",4,4
한식,도토리편백집,39,21,584007 ,"160500",61,0
한식,양평서울해장국 큰아들집,43,8,334190 ,"102900",12,37
한식,김명자낙지마당,146,42,450252 ,"84950",19,64
한식,한방전주콩나물국밥,109,58,398355 ,"93200",5,0
한식,별난돼지 김치찌개 & 뒷고기,37,5,348284 ,"126200",0,0
한식,킹부대찌개테이크아웃,34,20,51290 ,"19800",60,25
한식,팔백국밥,99,17,152886 ,"76800",23,29
한식,큰맘할매순대국,85,407,236761 ,"68230",19,25
분식,선비꼬마김밥,46,64,227305 ,"52760",34,0
분식,스쿨푸드,143,59,765455 ,"167300",22,23
분식,사담손만두,26,8,710285 ,"190221",100,12
분식,내가진짜떡볶이다,36,26,264885 ,"50100",76,15
분식,찡떡,16,7,327332 ,"21800",100,0
분식,응급실국물떡볶이,75,221,289120 ,"53270",54,1
분식,킹콩떡볶이,93,42,105384 ,"54950",35,52
분식,잇또라멘,36,33,121601 ,"51950",63,30
분식,죠스떡볶이,134,247,224670 ,"95690",5,17
분식,뚱볶이,21,7,115061 ,"14300",100,0
분식,자매떡볶이,60,14,229044 ,"54450",21,7
분식,마피아떡볶이,47,41,186760 ,"52050",85,4
분식,청년다방,71,323,365552 ,"97750",29,0
분식,싸다김밥,31,25,703545 ,"79200",56,0
분식,신참떡볶이,189,215,163694 ,"44550",24,12
분식,국대떡볶이,135,58,195321 ,"69820",0,22
분식,우리둥지,35,5,173659 ,"48200",0,100
분식,국수나무,175,538,231426 ,"72030",8,6
분식,명인만두,209,129,153571 ,"127450",18,13
분식,인정국물떡볶이,28,28,197349 ,"39830",64,3
분식,오떡,89,51,181793 ,"54404",41,31
분식,투핑거스,51,6,74569 ,"69490",83,33
분식,개념떡볶이,32,11,82625 ,"40820",72,9
분식,공수간,102,192,54021 ,"70119",53,25
분식,호떡당,82,25,86008 ,"41680",60,24
분식,으니의수라간,98,12,63996 ,"53200",0,8
분식,이토우야 ITTOUYA,26,7,189278 ,"68000",100,0
분식,보영만두,158,8,370782 ,"89800",12,37
분식,참숯불닭발불떡볶이,40,8,135563 ,"52930",0,37
분식,바푸리,94,92,168053 ,"80170",3,31
분식,핫프렌즈 핫도그,40,8,40745 ,"36850",0,62
분식,북문로떡볶이,88,28,97892 ,"52680",3,67
분식,정아니의불타는여고24시떡볶이,38,19,382433 ,"55050",78,0
분식,오정은A김밥,78,21,264049 ,"94710",19,23
분식,참 좋은 김밥천국,59,13,182633 ,"65450",38,0
분식,신대장 떡볶이,46,17,248910 ,"42700",35,5
분식,대한분식,26,11,189010 ,"53260",100,0
분식,두끼,72,218,603228 ,"177436",24,0
분식,엄청난떡볶이,70,17,155863 ,"32700",0,23
분식,즉석국물떡볶이 달쫀,59,11,203271 ,"48530",27,0
분식,장호덕손만두,9,47,115071 ,"39600",48,0
분식,본만두,46,8,476768 ,"125082",50,0
분식,우럼마왕만두,125,17,153137 ,"39600",0,64
분식,떡볶이스타,46,17,23765 ,"47300",47,5
분식,웁스떡볶이,98,15,51870 ,"42920",0,0
분식,밀방떡,42,22,245153 ,"49640",72,9
분식,이웃집소녀떡볶이,90,53,168340 ,"80950",5,20
분식,채다올김밥,85,17,186314 ,"60390",0,5
분식,불오뎅,104,13,176948 ,"42150",30,7
분식,모범떡볶이1976,76,17,211131 ,"59810",17,35
분식,진미면막국수,120,9,298089 ,"62400",0,0
분식,뚱보아저씨 돈가스,50,4,237930 ,"90000",50,0
분식,심할머니안흥찐빵만두,59,29,118594 ,"66910",31,0
분식,신화신가네매운떡볶이,123,9,96543 ,"32780",11,44
분식,인정국물떡볶이,62,43,197349 ,"39830",41,2
분식,몬나니떡볶이,79,7,123640 ,"59970",0,100
분식,딸부자꼬마김밥,88,5,170116 ,"35100",60,0
분식,두레마을우동집,60,8,88510 ,"91500",12,0
분식,파더스김밥,72,17,43108 ,"64810",23,17
분식,마포만두,131,12,8760 ,"83540",0,25
분식,우리동네국수집,68,16,195328 ,"56350",12,12
분식,한국수,62,9,348917 ,"114121",33,0
분식,미가람팔팔닭떡볶이,46,6,489196 ,"137800",16,0
분식,조코만삼겹떡볶이,9,13,146413 ,"28765",100,0
분식,신만용신가네매운떡볶이,84,28,129359 ,"73150",0,0
분식,삼첩분식,23,33,78549 ,"29620",100,6
분식,수철이네왕새우튀김,61,46,221226 ,"52230",19,26
분식,쿠웨이트떡볶이,35,60,167889 ,"43450",66,30
분식,쉐프가만든떡볶이,94,4,116621 ,"60000",0,50
분식,수유리우동집,86,88,212949 ,"82500",25,9
분식,부들부들떡볶이,36,2,146430 ,"59950",0,100
분식,오떡후,28,68,110737 ,"45600",95,13
분식,올떡,170,93,106103 ,"36899",17,15
분식,여우愛,29,9,206001 ,"62400",88,0
분식,장상궁김밥,79,7,308525 ,"70100",28,0
분식,역전우동0410,107,114,373280 ,"84743",16,1
분식,미정국수0410,138,25,516271 ,"87068",28,4
분식,열정분식소,33,38,337066 ,"72400",68,5
분식,김밥제일가,59,11,176679 ,"72370",27,0
분식,아딸,65,36,106392 ,"83400",22,11
분식,덕자네방앗간,45,4,370000 ,"96900",0,0
분식,오별난멸치국수,69,22,548167 ,"84400",31,27
분식,눈꽃치즈떡볶이,31,49,57311 ,"42802",22,22
분식,고속우동,35,5,279860 ,"93455",0,0
분식,부산어묵,52,11,22608 ,"85500",36,36
분식,케이콜라보김밥∙떡볶이,61,27,174733 ,"79600",33,11
분식,토마토김밥,127,106,365162 ,"65700",7,5
분식,얌샘,174,23,165527 ,"61100",0,86
분식,소가담,53,7,222565 ,"165210",14,85
분식,오마뎅,47,94,163028 ,"79250",39,10
분식,빨강떡볶이 메이드 바이 신앤군컴퍼니,38,14,221024 ,"39100",21,28
분식,나는 조선의 떡볶이다,74,25,77491 ,"47980",0,40
분식,달려라달봉이떡볶이,32,5,170800 ,"23100",20,20
분식,로봇김밥,84,14,197070 ,"75700",0,78
분식,김피라(kimpira),72,13,156067 ,"138200",23,0
분식,효형제돈까스,70,6,432618 ,"172400",33,66
분식,밀크밥버거,95,7,41102 ,"36300",0,100
분식,서가원김밥,84,19,136004 ,"60500",10,21
분식,용우동,261,186,247342 ,"101800",11,5
분식,밥앤스낵,38,9,175897 ,"37080",33,11
분식,꾼떡,151,25,105888 ,"37080",0,12
분식,김대표 김밥,54,6,354559 ,"65800",0,0
분식,치킨곱하기떡볶이,23,4,198466 ,"38441",100,0
분식,분식쌀롱,36,18,316600 ,"75600",61,0
분식,135튀김집,36,13,243360 ,"75000",53,23
분식,알촌,119,21,190778 ,"78300",4,14
분식,와닭꼬치,102,7,74928 ,"36845",42,100
분식,걸작떡볶이치킨,84,135,316393 ,"63160",33,9
분식,로라방앗간,54,19,195687 ,"48025",52,5
분식,밥맛나는세상,69,70,228722 ,"64620",17,20
분식,애플꼬마김밥,23,12,153966 ,"48100",100,0
분식,홍마떡,25,6,421179 ,"98819",100,0
분식,선릉역매운떡볶이,27,9,212744 ,"63160",33,55
분식,구포국수,64,15,184524 ,"69750",20,0
분식,분식이 이래도 되는가,44,39,187868 ,"58000",58,0
분식,지지고(GGGO),114,68,141713 ,"41370",7,14
분식,탄탄면공방,33,13,232086 ,"110200",61,23
분식,크앙분식,11,6,61500 ,"56350",100,0
분식,소소떡볶이,55,20,192553 ,"73390",70,30
분식,찰스숯불김밥,97,18,220757 ,"56000",0,33
분식,홍대마녀,37,7,22223 ,"83100",100,0
분식,동대문떡볶이동떡,80,12,162654 ,"37520",16,8
분식,돈페플러스,26,8,87728 ,"43800",100,12
분식,돈페,91,5,784186 ,"337250",20,0
분식,리김밥,70,26,282890 ,"85690",30,11
분식,신떡,233,34,98374 ,"39390",8,35
분식,오로지라멘,11,2,23402 ,"58080",100,0
분식,만두여행,46,105,54489 ,"62170",100,16
분식,정성한줄,68,17,542106 ,"66680",11,11
분식,바르다김선생,85,138,396549 ,"143270",9,15
분식,행컵,57,19,205450 ,"60500",21,0
분식,스쿨스토어,119,13,408012 ,"39050",7,76
분식,맛있게듬뿍,41,6,154441 ,"71070",33,0
분식,더바스켓,78,22,166861 ,"43081",40,9
분식,라이스쉐프,30,12,220356 ,"94306",41,0
분식,신포우리만두,430,113,355488 ,"130091",11,9
분식,반장떡볶이,83,11,244111 ,"65040",9,45
분식,황기순의 칼국수&돈까스,108,57,141218 ,"71750",8,36
분식,보용만두,151,13,312853 ,"67650",7,46
분식,마성떡볶이,58,19,170121 ,"81300",68,5
분식,기봉이 김밥,37,12,183503 ,"50400",66,0
분식,이여사나무김밥,90,9,249549 ,"58320",22,0
분식,귀일,53,7,144289 ,"60300",28,14
분식,엉클박스,57,5,203500 ,"71950",0,20
분식,홍스떡,39,13,290440 ,"50358",61,0
분식,고수라,50,14,188147 ,"68000",0,28
분식,할매손충무김밥,66,25,167161 ,"61600",4,20
분식,생생돈까스,189,77,227363 ,"40950",10,24
분식,무꼬뭐꼬떡볶이,25,86,47172 ,"46300",100,0
분식,버무리떡볶이,154,90,161311 ,"56130",10,8
분식,불스떡볶이,76,138,223068 ,"34100",23,7
분식,알리바바쏙쏙김밥,34,6,153309 ,"66250",100,16
분식,치피떡,46,10,72813 ,"32769",20,30
분식,알면 통하는 떡볶이,50,9,114368 ,"28400",44,33
분식,애플김밥,124,21,271038 ,"63250",9,0
분식,남문떡볶이,52,11,189002 ,"42580",54,36
분식,왕순이 주먹밥 김밥,94,26,139746 ,"47600",3,7
분식,공씨네주먹밥,142,18,70124 ,"57380",5,11
분식,명동할머니국수,106,34,257348 ,"68980",0,23
분식,슈퍼떡볶킹,32,18,15891 ,"41350",27,0
분식,틈새라면,220,43,90030 ,"41720",6,16
분식,동산만두,37,12,194471 ,"24730",83,25
분식,이삭토스트,211,809,144992 ,"57815",4,5
분식,두가지떡볶이,24,14,163949 ,"29000",100,0
분식,브라더꽈배기,26,8,485214 ,"35200",100,0
분식,춘하추동,92,8,152792 ,"113770",37,37
분식,오늘애김밥(오늘愛김밥),56,10,584982 ,"65645",50,0
분식,송촌꼬마김밥,65,35,81477 ,"43710",0,8
분식,땡큐꼬마김밥,83,10,245336 ,"53900",0,0
중식,짬뽕타임,86,31,769125 ,"132011",6,19
중식,상상짬뽕,27,10,812402 ,"102130",70,0
중식,정쉐프탕수육,51,11,121099 ,"41215",63,0
중식,마시내탕수육짜장,190,34,36752 ,"64250",2,32
중식,제레미20(Jeremie20),45,5,19967 ,"64215",0,20
중식,착한쭝식,41,24,559319 ,"98360",50,25
중식,짬뽕지존,89,51,1117711 ,"151250",23,3
중식,이비가짬뽕,115,138,454979 ,"200665",7,5
중식,피슈 마라홍탕,39,25,727945 ,"89200",80,0
중식,사해방탕수육,9,10,225654 ,"59400",60,60
중식,불이아,184,9,936646 ,"285500",22,11
중식,메이탄,32,12,1381747 ,"475440",33,8
중식,북경짜장,48,10,998661 ,"144150",0,20
중식,전설의짬뽕,121,32,555033 ,"95755",18,21
중식,홍탕,133,61,20828 ,"39600",50,13
중식,중화가정,50,16,361371 ,"135580",68,37
중식,홍콩반점0410,201,213,622725 ,"122602",9,4
중식,신룽푸마라탕,21,44,421933 ,"68630",100,0
중식,교동짬뽕,79,29,535640 ,"113950",20,17
중식,홍리마라탕,28,18,168821 ,"154080",83,0
중식,짬뽕타운,123,5,282275 ,"78900",0,40
중식,짬뽕10101,81,30,462659 ,"84400",13,3
중식,몽짬뽕,35,5,319477 ,"92500",0,0
중식,라공방,24,13,1268972 ,"150200",100,0
중식,홍짜장,154,92,185272 ,"63450",8,23
중식,큐큐면관,27,7,301264 ,"102650",28,0
중식,이만구교동짬뽕,76,4,666639 ,"167120",0,25
중식,마라내음,38,8,283347 ,"81200",62,12
중식,더시카고짬뽕(THE CHICAGO JJAMPPONG),76,7,404829 ,"140900",28,85
중식,징차이짜장,28,13,738552 ,"120250",76,0
중식,라화쿵부,50,106,406572 ,"79250",72,9
중식,쏘핫 마라탕 마라샹궈,34,8,138811 ,"55000",75,0
중식,바른푸드,33,13,68169 ,"22550",76,7
일식,원카츠,53,4,210828 ,"70200",25,0
일식,코코로벤또,108,15,371748 ,"102550",13,13
일식,카모메,131,26,177807 ,"71300",19,15
일식,배터지는생동까스,183,87,110012 ,"46100",9,18
일식,쿠우쿠우,108,117,2945261 ,"822000",13,3
일식,멘야마쯔리,27,6,256090 ,"61400",50,0
일식,홍대돈부리,108,32,387255 ,"96250",18,6
일식,고레카레,57,7,290911 ,"80000",42,0
일식,스시노칸도,28,4,1105834 ,"115110",100,0
일식,하루엔소쿠,57,73,239158 ,"107127",32,15
일식,신기소,257,21,204048 ,"146400",19,9
일식,소노야,145,26,192541 ,"79800",7,7
일식,기소야,375,39,156020 ,"183800",7,20
일식,멘무샤조이,66,5,24788 ,"76755",0,60
일식,스시아오,43,6,568138 ,"112450",50,0
일식,마싰는끼니,60,15,185440 ,"53900",20,73
일식,겐로쿠우동,118,16,240214 ,"80900",6,6
일식,스시투어,70,6,950000 ,"0",0,0
일식,오이시라멘,113,6,170258 ,"73290",0,16
일식,카츠탄탄,28,8,483248 ,"169750",87,12
일식,수코미치,49,10,256951 ,"69000",80,50
일식,스타동,38,9,458530 ,"66550",11,0
일식,하코야,155,24,244988 ,"84720",25,29
일식,고칸,35,16,357763 ,"75580",31,0
일식,오와스시,58,10,458246 ,"86400",10,20
일식,이자와,65,20,395760 ,"91210",0,65
일식,돈돈정,71,14,526441 ,"157000",0,100
일식,마카나이,44,7,201150 ,"51700",14,14
일식,제라진돈가스,31,8,253750 ,"127300",12,0
일식,도쿄이찌바,46,7,535957 ,"209200",42,0
일식,스시한판,80,6,636811 ,"110500",0,16
일식,아프로,82,4,269374 ,"116600",0,25
일식,스시오블랙컨테이너,96,21,907018 ,"147070",0,9
일식,헬로피쉬,98,9,246638 ,"93740",0,55
일식,코소코소,47,6,253737 ,"73000",0,16
일식,멘야산다이메,123,17,397908 ,"131955",5,35
일식,가츠몽,105,39,231634 ,"73500",7,10
일식,토끼정,65,22,1077730 ,"201100",13,27
일식,사보텐,209,5,841865 ,"325200",0,60
일식,스시웨이,126,28,434162 ,"105620",7,28
일식,주인의주방,90,17,260885 ,"65150",58,29
일식,히노아지,147,34,252863 ,"75600",35,23
일식,홈팝참치,58,18,157800 ,"60500",0,22
일식,심야오뎅,46,27,155182 ,"52390",11,29
일식,25카츠,99,23,350933 ,"82300",0,17
일식,야끼화로,71,7,519933 ,"105600",28,14
일식,후쿠오카함바그,88,8,318285 ,"150500",0,62
일식,후쿠오카함바그익스프레스,66,6,530349 ,"149950",0,16
일식,金太郞,120,21,260590 ,"132600",0,28
일식,도쿄라멘,43,59,149243 ,"49630",54,16
일식,동명 카츠,36,78,102727 ,"53315",50,38
일식,탐나종합어시장,26,15,2209391 ,"104390",100,0
일식,겐텐,28,4,219971 ,"143800",100,0
일식,미카도스시,55,38,653831 ,"131500",31,18
일식,야미가,62,24,460108 ,"66240",0,25
일식,산카이 이자카야,83,35,415563 ,"91000",17,17
일식,유부남,35,4,265629 ,"76885",50,50
일식,25센치,31,26,414671 ,"71500",92,0
일식,몬스터스시&사시미,28,5,382968 ,"117750",100,40
일식,쿠시마사,24,1,344184 ,"208500",100,0
일식,쿠벤(KU·BEN),71,14,131083 ,"54900",0,21
일식,미소야,243,195,356974 ,"87140",4,4
일식,열도분식,57,6,230669 ,"53761",33,0
일식,히메노라멘,32,8,314175 ,"77525",87,62
일식,유리카모메,93,14,262888 ,"80330",7,14
일식,이태원천상,137,7,819066 ,"244600",14,28
일식,마마돈,59,7,347797 ,"84950",14,28
일식,미스터스시,81,17,451812 ,"166300",0,41
일식,하나돈까스,153,16,544395 ,"109500",6,12
일식,이자카야 게다(げた),23,8,324757 ,"74500",100,0
일식,동경에서먹었던규동,11,22,250449 ,"0",68,0
일식,꽃남연어집,66,4,406182 ,"88000",0,25
일식,마루가메제면,81,4,368460 ,"225450",0,0
일식,시오도메,91,7,192126 ,"120500",14,14
일식,하나샤브샤브,51,5,537674 ,"262600",0,0
일식,키무카츠,45,18,313109 ,"150400",16,16
일식,도꼬돈카츠,74,6,277515 ,"93750",0,16
일식,DON돈까츠,39,6,203350 ,"81900",16,0
서양식,바네스,87,3,71317 ,"264700",0,33
서양식,빈체로,118,22,420547 ,"94900",27,4
서양식,브라우니70,109,8,573151 ,"286200",0,25
서양식,김씨화덕,106,6,492803 ,"157000",16,33
서양식,빠레뜨한남,19,5,802328 ,"105950",100,0
서양식,요녀석,35,42,269989 ,"33000",73,2
서양식,그 : 숲,31,6,525000 ,"86900",50,0
서양식,파티오42,88,7,318188 ,"158200",14,42
서양식,클램(CLAM),56,7,542636 ,"221780",0,42
서양식,선식당,26,21,583727 ,"129800",100,0
서양식,한끼맛있다,54,20,581873 ,"167200",30,0
서양식,고메돈까스,34,5,611624 ,"112200",60,0
서양식,비밀더비스트로(BMEAL THE BISTRO),41,8,292741 ,"104500",12,0
서양식,맨인더키친(MAN IN THE KITCHEN),116,7,682373 ,"256900",28,0
서양식,스파게티스토리,130,42,236612 ,"50620",40,0
서양식,동성로매콩돈까스와 냉면,95,7,300608 ,"75480",0,28
서양식,마녀주방,48,5,703593 ,"275700",40,0
서양식,돈까스 BROS,36,6,358206 ,"87150",50,0
서양식,웰돈까츠,28,56,41539 ,"34100",98,0
서양식,루스트플레이스,95,14,1124370 ,"492800",7,0
서양식,딜스테이크,28,36,121775 ,"46100",91,13
서양식,롤링파스타,23,18,1106119 ,"125010",100,0
서양식,플라잉볼,78,21,188324 ,"134250",14,23
서양식,스탠딩스테이크,57,43,147343 ,"53270",39,20
서양식,봉대박스파게티,141,30,239656 ,"141650",3,20
서양식,아날로그키친,62,5,524684 ,"90650",0,20
서양식,서가앤쿡,119,85,941243 ,"221600",5,3
서양식,미태리,29,25,284462 ,"91152",84,0
서양식,행복이있는그곳돈까스식당,52,10,53193 ,"65030",30,40
서양식,모모스테이크,99,43,270400 ,"79000",4,48
서양식,쑝쑝돈까스,49,63,280885 ,"60069",55,7
서양식,컨트리맨즈,71,19,727436 ,"368640",26,21
서양식,정든밤,25,5,407680 ,"85800",100,0
서양식,롱브레드,115,5,637382 ,"217730",20,40
서양식,쏘렌토,341,7,356250 ,"194700",0,0
서양식,아인방,71,6,1039751 ,"439000",16,16
서양식,미쿡식당,40,5,604523 ,"129960",20,20
서양식,닐리스(Nilli's),64,7,255865 ,"195740",14,14
서양식,닐리,176,27,379041 ,"101700",0,18
서양식,헌터스문,60,5,341287 ,"143100",0,40
서양식,스파게티스토리까르보네,112,31,185999 ,"104740",3,16
서양식,헝그리브라더스,34,14,205970 ,"51610",78,28
서양식,안디아모티볼리 (Andiamo Tivoli),26,5,524551 ,"160100",100,0
서양식,뜨돈(DD'DON),52,10,656652 ,"115200",20,0
서양식,스푼필라프,36,31,177282 ,"38500",38,25
서양식,파스토보이(pastoboy),55,20,310007 ,"50070",25,30
서양식,수페부엌,88,5,508923 ,"133450",20,0
서양식,샤이바나,117,13,532985 ,"163600",0,100
서양식,홍익돈까스,121,96,722247 ,"199470",10,5
기타 외국식,램플러스,58,22,312425 ,"66000",4,31
기타 외국식,다구오,43,9,330980 ,"62800",11,11
기타 외국식,호아빈,210,28,322643 ,"132650",3,39
기타 외국식,일공공샤브,41,17,505428 ,"185400",47,0
기타 외국식,생어거스틴,98,23,816351 ,"184250",0,30
기타 외국식,부리또인,61,14,225662 ,"46200",21,7
기타 외국식,리틀파파포(Little PAPA Pho),91,10,263418 ,"137500",10,10
기타 외국식,더램(THE램),72,9,311596 ,"94850",11,11
기타 외국식,Emoi(에머이),53,76,465465 ,"92835",5,42
기타 외국식,유생촌,92,11,1111425 ,"385300",9,36
기타 외국식,리틀하노이(LittleHANOI),51,41,134245 ,"60326",17,39
기타 외국식,핵스테이크,56,23,209672 ,"63500",47,52
기타 외국식,후라이드참잘하는집,48,178,446688 ,"35600",23,0
기타 외국식,반포식스,99,15,686690 ,"185400",0,0
기타 외국식,포앤반(PHO&BANH),45,4,119829 ,"60850",0,100
기타 외국식,그릴타이,89,10,557781 ,"160100",0,0
기타 외국식,르번미(Lebunmie),69,10,349049 ,"97700",10,20
기타 외국식,쏭스클럽핫도그,77,54,57259 ,"52500",9,7
기타 외국식,포트리스,18,21,123084 ,"76800",100,0
기타 외국식,포보스,104,10,293551 ,"141400",0,20
기타 외국식,철판떼기,35,10,81956 ,"72300",80,70
기타 외국식,영칼로리 쌀국수,29,26,38475 ,"27280",92,7
기타 외국식,베트남노상식당,56,28,241385 ,"58980",14,53
기타 외국식,PHO38,58,5,172008 ,"41572",20,100
기타 외국식,아리가또맘마,120,50,209750 ,"59312",34,42
기타 외국식,도스타코스,173,12,255207 ,"105000",0,0
기타 외국식,토마틸로,62,6,476796 ,"244350",0,33
기타 외국식,엉클인더키친,23,2,541812 ,"81650",100,0
기타 외국식,미분당,38,19,445768 ,"100920",47,0
기타 외국식,월남국수,47,7,134002 ,"53370",0,100
기타 외국식,하와이새우트럭,54,12,203751 ,"136600",16,41
기타 외국식,달링스테이크,38,5,254023 ,"64606",40,0
기타 외국식,분짜라붐,43,8,480695 ,"175000",0,100
기타 외국식,하노이포베트남쌀국수,38,5,129027 ,"64250",0,20
기타 외국식,그린하노이,131,6,436436 ,"289700",0,16
기타 외국식,월면가,45,7,100481 ,"67350",57,14
기타 외국식,노량진의 전설 미스사이공(miss420),66,208,188662 ,"59250",10,42
기타 외국식,사이공본가,11,16,358104 ,"62260",100,0
기타 외국식,나이쏘이(NAISOI),39,6,192123 ,"154900",33,0
기타 외국식,도스마스,115,36,177540 ,"68000",0,27
기타 외국식,메콩타이,135,30,555096 ,"135215",10,6
기타 외국식,경성양꼬치,101,36,274486 ,"72300",2,16
기타 외국식,포로이,142,10,233099 ,"76000",10,40
기타 외국식,미각양꼬치,51,39,356849 ,"82200",7,10
패스트푸드,팔팔핫도그,52,32,153267 ,"25700",12,28
패스트푸드,죠샌드위치앤커피,226,46,136824 ,"104000",13,17
패스트푸드,코끼리가반한핫도그,45,9,74213 ,"36800",44,33
패스트푸드,비스트로피자,40,39,259772 ,"62070",51,5
패스트푸드,미스터톡톡(Mr TokTok),68,6,348572 ,"51100",0,83
패스트푸드,자니로켓,51,7,330607 ,"227195",14,14
패스트푸드,더제이케이 키친박스,105,9,357724 ,"128180",11,22
패스트푸드,버거킹(Burger King),434,101,981168 ,"551840",1,0
패스트푸드,메이젠,31,47,193943 ,"71600",61,21
패스트푸드,벅스리아,121,8,37964 ,"52800",37,12
패스트푸드,버거307,76,15,173907 ,"66250",20,6
패스트푸드,피치버'S,33,17,182962 ,"38200",64,35
패스트푸드,토스피아,176,59,94002 ,"48970",11,64
패스트푸드,밀플랜비,70,19,288812 ,"72300",26,5
패스트푸드,롯데리아,488,1211,676866 ,"387956",3,2
패스트푸드,마녀돈앤파스타,48,13,197363 ,"20600",30,7
패스트푸드,미스앤미스터포테이토,135,16,176795 ,"94950",12,25
패스트푸드,퀴즈노스서브,177,73,255199 ,"163349",23,16
패스트푸드,스테프핫도그,227,49,123642 ,"92917",18,38
패스트푸드,뉴욕버거,100,80,212159 ,"102204",17,8
패스트푸드,에그셀런트,25,32,216081 ,"117950",100,0
패스트푸드,웰덤치킨,34,91,130467 ,"34550",24,19
패스트푸드,호봉토스트,190,14,173814 ,"25750",7,28
패스트푸드,쑤와리질러,66,17,158336 ,"57150",41,29
패스트푸드,뉴욕핫도그앤커피,215,137,43419 ,"68780",34,21
패스트푸드,마미쿡,68,12,146472 ,"118600",25,33
패스트푸드,파파이스,312,39,356513 ,"212820",0,38
패스트푸드,지정환피자,256,74,145329 ,"62000",2,8
패스트푸드,델리랩 (Delilab),47,13,188137 ,"69900",46,61
패스트푸드,쉐이크포테이토,110,5,136056 ,"38180",0,20
패스트푸드,피제리아 나인로드,81,16,532499 ,"494500",0,0
치킨,맛데이,149,13,88628 ,"74500",0,100
치킨,아이러브피자&치킨,32,22,286563 ,"55000",40,13
치킨,굽네치킨,192,1026,314455 ,"85145",2,1
치킨,부어치킨,190,349,117665 ,"33480",24,24
치킨,계림원누릉지통닭구이,96,40,256194 ,"93050",40,17
치킨,DK Chicken (디케이치킨),38,86,198937 ,"46500",91,3
치킨,박군치킨,103,99,79775 ,"70200",18,19
치킨,오부장치킨,69,37,224020 ,"29100",13,8
치킨,치킨퐁,152,31,246834 ,"103462",3,35
치킨,티바두마리치킨,228,307,136773 ,"30250",22,14
치킨,꾸브라꼬 숯불 두마리 치킨,55,42,274658 ,"33880",59,7
치킨,닭장수후라이드和,32,40,230146 ,"71500",35,0
치킨,디디치킨(DD치킨),214,169,155751 ,"38550",11,33
치킨,충만치킨,85,156,258391 ,"99850",6,20
치킨,이춘봉인생치킨,51,83,171188 ,"48730",57,6
치킨,치킨플러스,55,370,189353 ,"33148",42,14
치킨,처갓집플러스케이준치킨,177,16,219469 ,"31250",0,12
치킨,처갓집양념치킨,456,1134,215716 ,"26850",18,8
치킨,푸라닭,73,241,419394 ,"58740",31,2
치킨,쌀통닭,94,91,172419 ,"62000",6,23
치킨,투가이즈(TWO GUYS),62,19,225569 ,"47630",68,0
치킨,오태식해바라기치킨,26,49,79966 ,"36650",100,0
치킨,오븐에빠진닭,152,97,232348 ,"106590",6,24
치킨,깐부치킨,173,201,441892 ,"108000",8,11
치킨,치칵치칵,33,10,340890 ,"51930",60,0
치킨,치요남치킨,37,158,256986 ,"33000",60,1
치킨,쌀쌀맞은닭,78,32,173002 ,"85840",28,12
치킨,94번가,95,22,183251 ,"109450",4,40
치킨,별별치킨,135,10,134961 ,"49500",20,50
치킨,놀부옛날통닭,68,43,113330 ,"69934",41,30
치킨,깜꼬치킨,66,22,50374 ,"41100",31,0
치킨,미쳐버린파닭,169,85,103652 ,"28100",4,14
치킨,닭꾸버,44,10,103784 ,"30850",30,0
치킨,또래오래,214,657,122986 ,"33226",9,10
치킨,콩닥콩닭,75,8,129107 ,"24100",0,12
치킨,땅땅치킨,202,279,178079 ,"62500",13,15
치킨,치킨89(치킨팔구),74,25,172837 ,"40650",52,12
치킨,오븐마루,74,151,219686 ,"51700",17,17
치킨,양계장집아들,61,55,144457 ,"59230",14,18
치킨,멕시카나,376,841,208572 ,"28516",12,6
치킨,두레옛날통닭,22,8,299239 ,"29700",100,0
치킨,테트리스찜닭,52,100,181923 ,"13100",68,6
치킨,부여통닭,57,22,220814 ,"48960",27,18
치킨,자담치킨,84,238,247495 ,"41250",34,16
치킨,치킨678,118,80,190033 ,"110779",0,36
치킨,불로만치킨바베큐,275,150,114338 ,"67550",5,4
치킨,안심치킨,60,28,148118 ,"95950",28,35
치킨,치킨매니아,160,182,173407 ,"93840",10,18
치킨,달봉이치킨,66,34,205254 ,"41500",79,20
치킨,징기스칸치킨,222,20,61481 ,"24750",10,0
치킨,서개미치킨,75,6,114396 ,"67550",16,0
치킨,치킨멤버,89,30,112394 ,"23500",36,36
치킨,김스타치킨,58,49,208524 ,"77350",32,18
치킨,오리지널 팔칠(87')닭강정,62,20,122396 ,"38500",35,15
치킨,one&two깻잎두마리치킨 (원앤투깻잎두마리치킨),47,20,11530 ,"29270",100,100
치킨,호식이두마리치킨,314,797,240091 ,"29300",4,8
치킨,대한맥주집,61,12,246175 ,"88000",16,16
치킨,브이에프씨치킨파티(VFC치킨파티),122,76,82929 ,"13550",25,3
치킨,정직한통닭,64,13,95442 ,"60575",7,15
치킨,만땅치킨,47,54,81415 ,"36650",31,24
치킨,꾸꾸루꾸바베큐,134,44,146753 ,"56268",9,79
치킨,엠에프씨 멕시칸치킨(MFC 멕시칸치킨),37,6,130494 ,"35800",16,33
치킨,후라이드바삭킹,26,23,274827 ,"30800",100,0
치킨,상문이두마리숯불양념치킨,166,30,137117 ,"28550",6,10
치킨,수준이 다른 치킨,41,14,406900 ,"68800",64,7
치킨,전국3대치킨 오성통닭,66,10,178933 ,"68800",40,10
치킨,맛있게매운(빨석구)빨간석쇠구이,71,22,249227 ,"46450",45,18
치킨,굽는치킨,172,18,44580 ,"14520",0,22
치킨,불촌두마리치킨,217,14,51060 ,"21800",7,35
치킨,위드치킨,202,30,36763 ,"32500",3,30
치킨,One&Two깻잎두마리치킨,26,17,292979 ,"29270",100,0
치킨,치킨삼파전,131,28,156371 ,"28620",35,14
치킨,하우스홀드,187,21,62876 ,"44300",0,9
치킨,장모님치킨,377,131,83507 ,"44340",3,7
치킨,깜닭치킨,156,15,241551 ,"50000",13,6
치킨,치킨연구소,36,6,52041 ,"57100",0,100
치킨,치킨선생,40,22,369260 ,"37640",50,9
치킨,종국이두마리치킨,214,56,156839 ,"17400",7,16
치킨,림스치킨,524,53,83123 ,"51000",7,7
치킨,치순이통닭,33,30,138278 ,"55000",46,3
치킨,다코기,36,7,396993 ,"81320",28,0
치킨,필바든치킨,90,8,137979 ,"36600",0,37
치킨,조선의 옛날통닭,80,34,74977 ,"44030",5,11
치킨,Mr.짱닭치킨,110,48,204522 ,"38015",12,12
치킨,본가옛날통닭,54,6,189107 ,"57000",0,16
치킨,명동닭튀김,39,18,112515 ,"72346",16,11
치킨,닭권브이,133,9,54421 ,"32300",0,11
치킨,김순례 닭강정,37,13,251266 ,"44200",69,0
치킨,마슬랜,129,13,174232 ,"43700",23,7
치킨,지붕위에,123,10,34400 ,"38850",0,40
치킨,오븐에 꾸운 닭,138,161,168122 ,"137200",3,13
치킨,해뜰닭,126,6,39164 ,"32305",50,16
치킨,그시절옛날통닭,48,8,68750 ,"44570",0,12
치킨,몽키스비어,38,9,192631 ,"68210",0,22
치킨,꼬꼬아찌,255,75,180420 ,"42110",2,36
치킨,사쿠사쿠,104,37,171913 ,"44490",2,18
치킨,더후라이팬치킨클럽,80,2,183919 ,"49698",0,50
치킨,더후라이팬 후라이드 치킨,155,12,183989 ,"64350",0,66
치킨,누나홀닭,117,176,372715 ,"69311",21,4
치킨,추닭집,59,36,259166 ,"35540",69,5
치킨,칠칠켄터키,77,7,461980 ,"83300",28,0
치킨,8800켄터키치킨,81,61,218658 ,"32800",19,3
치킨,김군네통닭집,101,10,381672 ,"49840",50,20
치킨,김성구의성마늘치킨,69,20,75955 ,"47500",35,5
치킨,아이벗치킨,75,30,130255 ,"36100",30,10
치킨,대박나자 부자치킨,55,16,87481 ,"24200",25,0
치킨,60계,64,440,526522 ,"97700",41,0
치킨,더썬치킨,64,16,130824 ,"37525",12,81
치킨,소담치킨,109,20,117295 ,"58100",15,40
치킨,큰통치킨,180,34,51029 ,"22220",2,2
치킨,치킨주막,143,24,236999 ,"49500",0,16
치킨,호치킨,135,175,327875 ,"56608",7,10
치킨,야들리애,155,31,203884 ,"124220",9,32
치킨,바보스,66,53,89922 ,"70840",1,26
치킨,꿀닭,107,23,50463 ,"67350",4,8
치킨,땡큐맘치킨,136,21,147396 ,"49400",0,28
치킨,신통치킨,158,256,55160 ,"39700",11,16
치킨,바른치킨,69,170,320278 ,"49400",18,11
치킨,꼬꼬봉투통닭,48,10,51093 ,"33450",50,50
치킨,한앤둘치킨,138,32,184048 ,"74160",18,12
치킨,맛닭꼬,128,147,295314 ,"65850",7,11
치킨,네네치킨,131,1114,191467 ,"57150",2,4
치킨,달닭,100,6,46131 ,"35860",0,0
치킨,에디슨치킨,132,12,29247 ,"30826",0,8
치킨,모던통닭,55,21,359935 ,"77680",23,47
치킨,도담치킨,58,15,262904 ,"114400",0,40
치킨,치르치르,122,15,293883 ,"115740",0,86
치킨,용달통닭,56,10,174788 ,"47100",10,30
치킨,페리카나,480,1126,121270 ,"33950",2,4
치킨,꼬꼬시티앤제이빅,110,18,110147 ,"52130",44,22
치킨,오닭꼬치,56,96,122267 ,"42295",30,0
치킨,범프리카인생치킨,38,51,314520 ,"47900",60,11
치킨,836숯불바베큐치킨,58,14,123678 ,"35660",14,14
치킨,만년닭강정,52,42,147377 ,"51050",21,21
치킨,아웃닭,125,64,553944 ,"93350",14,0
치킨,매드후라이치킨,124,22,252559 ,"67760",36,31
치킨,치킨선수,33,6,151896 ,"49950",83,16
치킨,무봤나 촌닭,215,28,303731 ,"77010",0,21
치킨,치뽁(CHIPPOK),19,10,129487 ,"40105",100,0
치킨,빅원치킨,40,25,107780 ,"41535",100,16
치킨,비비큐(BBQ),306,1604,577875 ,"90789",5,7
치킨,명랑한찜닭,47,25,172025 ,"66350",100,20
치킨,본스치킨,167,162,77857 ,"85205",3,8
치킨,쭈노치킨가게,217,32,86727 ,"38850",9,28
치킨,투마리치킨,128,21,91641 ,"37695",0,42
치킨,전설의치킨,132,60,165538 ,"50950",13,16
치킨,호호닭발,83,8,273990 ,"84600",12,12
치킨,앗싸마늘닭,77,9,142810 ,"48200",100,100
치킨,똥집의 달인,119,9,87691 ,"29490",11,0
치킨,치킨뱅이,231,60,285013 ,"72180",0,8
치킨,삼통치킨,272,24,357179 ,"76800",4,20
치킨,다사랑,223,107,345175 ,"142800",4,12
치킨,치킨의민족,28,93,106167 ,"50900",100,22
치킨,브라운치킨,141,11,163171 ,"59180",0,54
치킨,치특,36,5,105287 ,"51050",100,0
치킨,봉이치킨,110,61,87930 ,"25300",37,52
치킨,신진통닭,21,5,477172 ,"49380",100,0
치킨,문진옥숯불바베큐치킨,34,6,136905 ,"44250",50,0
치킨,칠칠켄터키,105,23,461980 ,"83300",8,0
치킨,동근이숯불두마리치킨,50,51,241231 ,"56920",33,17
치킨,꾼닭(koondak),118,6,172263 ,"183500",0,16
치킨,두마리치킨마당,34,9,297079 ,"37370",88,33
치킨,치킨이남달라,33,8,368766 ,"53260",62,12
치킨,더기발한치킨(The기발한치킨),117,25,159737 ,"74300",4,20
치킨,청춘명랑치킨,25,11,342922 ,"59938",100,0
치킨,투존치킨,131,198,176187 ,"57290",16,21
치킨,훌랄라숯불치킨,151,267,130086 ,"108150",4,21
치킨,태권치킨,63,17,224523 ,"86250",5,0
치킨,두리아,247,35,151908 ,"63490",5,42
치킨,토닭토닭양념치킨,161,5,72468 ,"49970",0,0
치킨,삼십구치킨,141,24,58654 ,"55044",8,8
치킨,둘둘치킨,285,121,48124 ,"65800",1,15
치킨,바비후,51,8,348528 ,"109400",12,12
치킨,피니치니,179,8,101271 ,"42350",12,50
치킨,오빠담치킨,33,11,109256 ,"13400",36,90
치킨,코리안바베큐,276,138,119256 ,"71000",2,9
치킨,펀비어킹,132,293,361400 ,"122250",25,9
치킨,닭깡,105,10,98183 ,"28380",40,0
치킨,씨에프숯불바베큐치킨,269,36,53252 ,"39050",0,16
치킨,컬투치킨,120,99,177675 ,"43570",38,30
치킨,코리엔탈깻잎두마리치킨,83,168,112883 ,"7571",11,34
치킨,수상한탕수육,40,49,11269 ,"7458",4,91
치킨,마파치킨,136,9,237760 ,"36300",0,11
치킨,치킨더홈,166,148,197242 ,"32160",31,18
치킨,존슨켄터키,77,17,91332 ,"90550",0,5
치킨,치킨신드롬,217,161,133596 ,"41150",41,18
치킨,경아두마리치킨,195,72,154867 ,"28100",36,16
치킨,치킨과 바람피자,42,65,254014 ,"43120",55,13
치킨,파-닭에파무쳐,158,24,247278 ,"20900",4,4
치킨,치킨히어로,113,21,159925 ,"52200",0,19
치킨,부뚜막치킨,101,16,125005 ,"12450",18,31
치킨,오늘통닭,150,55,220328 ,"60200",34,23
치킨,김종용누룽지통닭,65,8,401812 ,"93550",62,0
치킨,김진철동래통닭,104,25,247724 ,"84380",12,28
치킨,범벅치킨,86,4,176133 ,"64700",50,25
치킨,철인7호,89,28,214406 ,"69650",28,17
치킨,진미대왕통닭,21,37,201686 ,"39300",64,2
치킨,무성구어바베큐치킨,156,15,70849 ,"32150",13,6
치킨,백년가마솥옛날통닭,50,20,113316 ,"36300",55,5
치킨,아주커,272,57,241479 ,"32300",5,14
치킨,허갈닭강정,35,56,82338 ,"18200",16,21
치킨,온고지신 통닭元,33,28,199439 ,"28500",10,25
치킨,계동치킨,198,108,36424 ,"32450",6,11
치킨,치킨커플,119,7,161826 ,"97700",0,71
치킨,지코바양념치킨,302,516,231124 ,"57000",9,1
치킨,조선CH.S치킨,215,24,161417 ,"11500",8,12
치킨,교촌치킨,321,1157,652690 ,"106684",7,0
치킨,1987금빛통닭,52,7,173714 ,"78890",0,57
치킨,DDC치킨,47,29,40918 ,"45665",20,24
치킨,치킨처럼,81,9,281107 ,"133900",0,66
치킨,투마리나,37,11,104511 ,"48300",81,100
치킨,아침닭,62,16,109352 ,"18200",37,100
치킨,사바사바치킨앤비어,210,10,245644 ,"67300",0,30
치킨,가마로강정,107,134,201899 ,"36100",16,8
치킨,꼬레랑,34,22,136800 ,"87450",27,13
치킨,국제통닭,48,31,185356 ,"43065",32,16
치킨,낭만치킨,56,22,235941 ,"46390",27,18
치킨,또봉이통닭,108,524,106444 ,"28060",13,17
치킨,해두리치킨,111,25,248112 ,"37000",24,36
치킨,맥켄치킨,230,22,85527 ,"6400",0,4
치킨,허대구 대구통닭,113,22,340911 ,"160183",18,13
치킨,치킨더비,92,5,280200 ,"113650",0,100
치킨,보드람 치킨,233,162,219018 ,"75900",6,4
치킨,꼬꼬팜,43,7,90188 ,"24815",14,0
치킨,하이꼬꼬,88,27,285721 ,"62150",29,18
치킨,독가마 숯불치킨,44,7,78968 ,"47100",57,14
치킨,알통떡강정,110,150,107173 ,"27600",16,6
치킨,로타리치킨상회,25,6,206032 ,"57980",100,0
치킨,본초불닭발,98,35,63042 ,"43350",28,48
치킨,영 아맛나,37,7,130303 ,"15970",14,0
치킨,지랄닭발,24,26,301094 ,"52800",100,0
치킨,맥시칸치킨,426,339,87952 ,"30300",2,9
치킨,못말리는파닭,165,62,151605 ,"45900",4,29
치킨,노랑통닭,141,430,433999 ,"53300",20,1
치킨,울통치킨,47,5,279924 ,"74600",40,0
치킨,아리아리닭강정,110,17,46324 ,"52500",17,29
치킨,꿀딱,108,5,134707 ,"36770",20,20
치킨,숯양두마리치킨,35,5,201326 ,"52050",20,20
치킨,냠냠숯불두마리치킨,23,11,271714 ,"46100",100,0
치킨,오후엔치킨,82,5,171980 ,"58180",0,60
치킨,둘마니치킨,68,10,106320 ,"41800",0,10
치킨,비에이치씨(BHC),198,1518,435093 ,"80130",10,7
치킨,후라이드참잘하는집,48,42,446688 ,"35600",100,2
피자,미스터피자,294,235,349280 ,"236253",3,13
피자,아이러브피자,166,28,98578 ,"46000",0,21
피자,피자나라 치킨공주,213,354,337438 ,"55450",14,5
피자,자가제빵 선명희피자,33,29,379721 ,"56800",68,3
피자,피자닷,16,8,178681 ,"34012",100,0
피자,미사랑임실치즈피자,176,8,57819 ,"74792",0,25
피자,도미노피자,365,353,748081 ,"247250",3,0
피자,피자헛,280,319,717028 ,"239071",3,3
피자,1830피자,38,5,194673 ,"69850",20,0
피자,피자몰,274,6,473914 ,"522600",0,16
피자,파파존스피자,195,148,451966 ,"193119",18,0
피자,옐로우피자(YELLOW PIZZA),84,22,285582 ,"53680",45,9
피자,임실치즈피자,264,24,47558 ,"76750",4,29
피자,피치랑,82,18,198759 ,"42600",94,44
피자,PIZZA BOX(피자박스),52,7,322286 ,"29170",42,14
피자,피자에땅,263,236,160388 ,"108780",1,8
피자,7번가피자,289,185,237440 ,"85500",7,4
피자,피자헤븐,145,72,229903 ,"70797",13,23
피자,피자파는집,24,60,275366 ,"54450",100,0
피자,뽕뜨락피자,137,164,134515 ,"83900",5,23
피자,59피자(오구피자),153,523,126663 ,"53900",2,8
피자,고피자(GOPIZZA),33,38,262949 ,"81300",89,10
피자,오리지널시카고,75,14,380343 ,"227700",28,14
피자,엘에이치씨피자탑(LHC PIZZA TOP),30,21,299964 ,"58600",80,0
피자,반올림피자샵,77,231,422230 ,"36300",6,1
피자,자연임실치즈피자,74,18,199931 ,"58550",16,16
피자,나루에프엔비톰스(나루F&B톰스),43,5,121023 ,"44800",0,40
피자,후니피자,125,16,70949 ,"55800",0,12
피자,엘리펀트피자(ELEPHANT PIZZA),32,7,256187 ,"41800",42,0
피자,청년피자,36,157,310145 ,"43076",75,7
피자,한명숙피자치킨,175,10,92040 ,"40700",0,10
피자,피제이(PJ)피자,9,21,303485 ,"59970",100,4
피자,피굽남피자,22,18,209255 ,"51480",100,0
피자,피자알볼로,162,269,406608 ,"106200",2,3
피자,피자1번가,93,25,55576 ,"50050",0,20
피자,빨간모자피자,188,19,250921 ,"80185",31,15
피자,피자스쿨,178,574,149243 ,"63500",1,1
피자,피자스쿨,110,312,149243 ,"63500",2,3
피자,피자마루,170,619,150390 ,"62680",5,4
피자,남자피자,110,25,214096 ,"72800",12,8
피자,임실N치즈피자,185,71,149280 ,"102245",0,22
피자,킹스타피자,72,49,144877 ,"67200",18,6
피자,난타5000피자,109,119,102934 ,"65700",5,8
피자,낙원스낵,64,8,378630 ,"98500",12,12
피자,피맥하우스,11,17,307083 ,"75580",35,0
피자,강정구의피자생각,167,48,287981 ,"102700",25,27
피자,피자브라더스,35,20,323789 ,"42400",70,15
피자,파파밸리피자,97,11,194740 ,"100000",72,45
피자,피자애,74,62,139236 ,"56810",19,24
피자,리골레토 시카고피자,74,10,472854 ,"100350",0,50
피자,피스타키친(PISTAR KITCHEN),25,6,176000 ,"72500",100,0
피자,화덕피자 파숑,78,8,97935 ,"64400",0,50
피자,영구스피자,164,45,146610 ,"90800",22,24
피자,빚짜(BEEZZA),53,10,270290 ,"80000",40,20
피자,수피자,53,45,120372 ,"36300",11,2
피자,유로코피자(EUROKO PIZZA),44,139,246957 ,"65900",46,10
피자,피자빅,116,22,121372 ,"45550",22,13
피자,빅스타피자(Bigstar Pizza),79,79,259250 ,"64020",16,22
피자,피자와 치킨의 러브레터,193,59,115709 ,"36100",15,30
피자,피자 비토랩,25,20,218777 ,"51125",100,0
피자,라오니피자,33,37,205056 ,"20700",67,8
피자,착한피자,52,27,292101 ,"58300",33,0
피자,피자베이,67,10,282083 ,"38750",40,30
피자,브로피자,42,58,152159 ,"20040",44,12
피자,네오피자,55,88,261947 ,"32570",18,5
피자,피자빙고,183,57,27536 ,"56370",1,14
피자,미스터파파임실치즈피자,156,19,33368 ,"53150",0,0
피자,피자명인,70,11,144031 ,"33790",0,0
피자,긱스피자,28,15,327601 ,"67550",93,0
피자,Port' Albs 피자굼터,179,6,70217 ,"54450",0,33
피자,오르새피자,49,28,228800 ,"59100",32,21
제과제빵,명랑시대쌀핫도그,54,651,170002 ,"39710",7,7
제과제빵,이츠굿베이커리카페,70,16,158558 ,"164500",6,56
제과제빵,카페더치즈케익,63,6,273660 ,"141790",33,0
제과제빵,망원동티라미수,42,7,594930 ,"91330",28,71
제과제빵,스트릿츄러스,84,66,213055 ,"84512",24,13
제과제빵,홍루이젠,36,280,306639 ,"80350",48,4
제과제빵,베러댄와플,22,62,79484 ,"56000",100,0
제과제빵,대만샌드위치 티앙웨이,25,30,126771 ,"67100",100,6
제과제빵,빠아앙,42,7,280171 ,"82970",57,28
제과제빵,정도너츠,178,12,117251 ,"144650",8,25
제과제빵,파파도나스,35,14,175519 ,"59000",92,0
제과제빵,롤링핀,87,55,582905 ,"311950",30,18
제과제빵,르뽀미에,163,7,261937 ,"94050",0,42
제과제빵,따삐오,261,73,134419 ,"94050",17,32
제과제빵,브레댄코(bread&co.DAILY-NEW),150,45,397371 ,"156300",6,46
제과제빵,신라명과,450,10,72655 ,"106800",0,10
제과제빵,바푸리수제식빵,38,7,123628 ,"84700",0,71
제과제빵,그린브라우니(green brownie),86,30,210213 ,"180500",26,13
제과제빵,파리바게뜨,390,3380,665567 ,"306950",2,2
제과제빵,커피홀베이커리,42,20,138982 ,"193850",50,15
제과제빵,못난이꽈배기,76,131,140836 ,"40490",39,8
제과제빵,앤티앤스,164,218,272533 ,"92800",12,7
제과제빵,호밀호두,152,43,124948 ,"70290",9,4
제과제빵,더베이크,100,14,379827 ,"103400",57,21
제과제빵,호두랑파이랑,152,6,53847 ,"42050",0,33
제과제빵,모찌모찌브레드,27,4,189353 ,"105961",75,0
제과제빵,크라상점,26,11,181945 ,"67700",100,0
제과제빵,마리웨일237,76,99,187071 ,"92450",19,8
제과제빵,고집불통 식빵싸부,39,10,337585 ,"83300",0,20
제과제빵,내가만든미케익,160,5,78653 ,"67966",0,20
제과제빵,레인보우마카롱,36,7,390839 ,"63410",85,0
제과제빵,슈케익하우스(Chou Cake House),53,19,210685 ,"58000",47,21
제과제빵,오케이크(O'CAKE),54,6,268772 ,"53900",16,66
제과제빵,노랑고래찹쌀꽈배기,26,19,99277 ,"33000",100,0
제과제빵,오페뜨,125,5,239690 ,"191830",0,40
제과제빵,더브라운,37,21,281881 ,"253000",47,47
제과제빵,갓식빵,54,29,135072 ,"72300",20,93
제과제빵,고구맘,107,9,78827 ,"70200",22,11
제과제빵,트윗젤(Twitzel),72,5,425159 ,"98000",60,0
제과제빵,뚜레쥬르,279,1278,463103 ,"252750",6,9
제과제빵,크리스피크림,76,59,320257 ,"231616",5,3
제과제빵,데코르,75,10,154006 ,"126950",70,0
제과제빵,던킨/던킨도너츠,314,537,287551 ,"204250",12,10
제과제빵,동빵,112,4,167824 ,"40728",50,25
제과제빵,시나본(CINNABON),26,25,151286 ,"113180",100,12
제과제빵,웨즐스프레즐,36,2,3881 ,"89200",100,0
제과제빵,풍년제과,185,17,217076 ,"116000",11,17
제과제빵,본가정항우케익,21,14,154478 ,"53000",100,0
제과제빵,본정,115,3,243629 ,"152800",0,66
제과제빵,정항우케익,88,45,179838 ,"155000",24,15
제과제빵,비어드파파,148,8,313882 ,"159600",12,25
제과제빵,나나케이크,63,12,120917 ,"83850",0,75
제과제빵,코코호도,172,155,161990 ,"87120",1,3
제과제빵,한스브레드카페,38,9,124955 ,"91550",66,100
제과제빵,빈스킹토스트,39,29,73787 ,"47300",27,27
제과제빵,케이크를부탁해,60,9,180225 ,"82410",0,66
제과제빵,빵장수단팥빵,74,36,274525 ,"90000",2,27
제과제빵,심봉사도로케,60,63,109606 ,"40100",38,53
제과제빵,토스트카페마리,31,3,38723 ,"56300",100,100
제과제빵,블럭제빵소,55,59,124312 ,"79142",3,50
제과제빵,마크빈,23,4,201489 ,"134250",100,0
제과제빵,한스(HANS),121,23,487043 ,"327400",13,4
제과제빵,아리랑수제핫도그,71,39,109437 ,"41628",7,43
제과제빵,곤트란쉐리에,79,20,701723 ,"310500",15,25
제과제빵,이앤바이(이n바이),50,3,224483 ,"59890",0,33
제과제빵,맘스케익,60,33,91142 ,"67458",12,60
제과제빵,빵사부식빵공방,17,39,233612 ,"69550",2,87
제과제빵,로띠번,109,72,149091 ,"94920",4,6
제과제빵,"오직, 그대만",36,5,70173 ,"55450",40,0
제과제빵,타르타르,61,23,358381 ,"242400",0,34
제과제빵,홉슈크림,63,5,188400 ,"126500",20,40
제과제빵,핫브레드,84,16,475435 ,"178200",12,12
제과제빵,쌀똑핫도그,49,25,150614 ,"29700",64,4
제과제빵,송사부수제쌀고로케,40,76,492560 ,"64050",72,26
제과제빵,또아식빵,51,15,202040 ,"69550",0,100
제과제빵,WOO'Z,37,5,861763 ,"443100",60,0
제과제빵,청춘당 찹쌀 꽈배기,25,22,252862 ,"40950",100,0
제과제빵,홍베이팡,25,49,63775 ,"43250",100,2
제과제빵,샌드그립(SANDGRIP),26,17,70493 ,"75900",100,0
제과제빵,식빵이맛있는집 네모,38,11,79010 ,"86050",0,45
제과제빵,고로케하우스,54,5,356100 ,"71000",80,100
제과제빵,천안옛날호두과자,159,30,240863 ,"65250",13,3
아이스크림/빙수,오슬로(o'slo),51,8,166376 ,"131731",25,25
아이스크림/빙수,에맥앤볼리오스(Emack & Bolio's),41,6,159322 ,"106050",16,0
아이스크림/빙수,프로즌브라이드,28,6,88377 ,"94650",50,83
아이스크림/빙수,소프트리(SOFTREE),93,6,91083 ,"109500",0,16
아이스크림/빙수,픽미픽미아이스크림할인점,9,189,93814 ,"0",60,11
아이스크림/빙수,설빙,89,435,316534 ,"163120",9,5
아이스크림/빙수,나뚜루,260,52,141442 ,"124953",5,21
아이스크림/빙수,브알라,94,15,136297 ,"78590",53,20
아이스크림/빙수,빨라쪼델프레도,219,44,112513 ,"113000",43,9
아이스크림/빙수,배스킨라빈스,408,1396,522863 ,"269150",8,1
아이스크림/빙수,빙달,65,10,21232 ,"43065",10,20
아이스크림/빙수,젤라뚜또,50,2,67307 ,"180570",50,100
아이스크림/빙수,바세츠 아이스크림(BASSETTS ICE CREAM),46,21,92107 ,"97600",38,52
아이스크림/빙수,도쿄빙수,50,23,118384 ,"86700",26,30
커피,마노핀,107,11,180301 ,"136120",0,9
커피,디초콜릿커피앤드,74,23,229680 ,"85010",13,26
커피,할리스커피,261,453,378299 ,"184500",11,5
커피,라떼떼,113,36,60949 ,"96100",41,44
커피,더벤티,84,381,213240 ,"62150",30,4
커피,요거프레소,160,656,107997 ,"58190",6,14
커피,아틀리에빈,60,44,175243 ,"79800",20,0
커피,셀렉토커피,100,238,115175 ,"73350",26,15
커피,커스텀커피,58,8,107295 ,"87020",37,12
커피,휘드카페,47,8,83989 ,"63600",12,0
커피,리프패럿(LIP Parrot),48,24,102665 ,"20040",41,8
커피,탐앤탐스커피(TOMNTOMS COFFEE),195,301,325424 ,"190108",17,10
커피,커피니(COFFEENIE),136,109,168156 ,"88000",6,15
커피,히즈빈스(HISBEANS),91,8,147913 ,"138410",37,0
커피,커피마마,126,206,87589 ,"56400",7,14
커피,만랩커피,65,105,159063 ,"87900",40,1
커피,커피온리,54,117,188011 ,"75713",29,21
커피,루고,103,8,197649 ,"121500",25,0
커피,더카페,224,172,140700 ,"60900",12,12
커피,카페게이트,84,63,192450 ,"62480",68,1
커피,커피사피엔스,82,13,112604 ,"49330",46,7
커피,워너커피(WANNA COFFEE),81,9,164973 ,"55650",11,55
커피,더리터(THE LITER),67,224,176151 ,"74460",24,7
커피,까사밍고,89,7,230776 ,"140955",0,42
커피,커핀그루나루,157,31,313025 ,"247100",3,38
커피,엑소엑소핫도그앤커피,59,145,54624 ,"69020",0,9
커피,커피베이,117,597,99883 ,"65940",24,14
커피,케이엠엘리 갤러리카페,39,21,41389 ,"104500",52,14
커피,벨라빈스커피,75,6,35521 ,"229810",0,16
커피,투썸플레이스,150,1097,544844 ,"293650",11,2
커피,빨콩,78,10,126334 ,"77900",0,0
커피,커피101스트릿(COFFEE 101 STREET),67,15,168016 ,"107500",26,0
커피,디에떼에스프레소,115,108,43231 ,"118000",14,18
커피,파스쿠찌,141,460,392607 ,"226150",11,6
커피,cafe65℃,82,14,166191 ,"58420",7,7
커피,커피홀(coffee hole),116,24,77041 ,"73090",12,20
커피,데일리에스프레소(Daily espresso),68,7,187820 ,"152911",14,0
커피,메가엠지씨커피(MEGA MGC COFFEE),60,798,275854 ,"56890",49,0
커피,카페글렌,136,80,89114 ,"84840",20,12
커피,모캄보,152,25,149665 ,"150400",12,20
커피,아리스타,157,48,161100 ,"89320",4,31
커피,청자다방,66,108,138027 ,"70010",22,8
커피,콘레드커피,29,15,214064 ,"59800",86,6
커피,에이바우트커피,45,26,634916 ,"419000",65,0
커피,빌리엔젤,105,42,178607 ,"236100",14,23
커피,백금당,44,15,196232 ,"81905",53,0
커피,팬도로시,151,16,163306 ,"133700",0,6
커피,라드커피(LAD COFFEE),71,10,184611 ,"237450",10,10
커피,알리바바카페(ALIBABA CAFE),57,36,66184 ,"143700",44,33
커피,탭플레이(TAPLAY),57,34,104110 ,"64900",41,17
커피,cafe051(카페051),63,61,195043 ,"59100",65,0
커피,고품격 커피공장,64,8,154011 ,"65900",75,0
커피,헤일리스커피,41,5,100122 ,"75000",40,20
커피,레이지모닝,44,5,418408 ,"237300",0,0
커피,캔카페,33,12,22112 ,"67450",83,0
커피,매머드익스프레스(Mammoth Express),51,83,252464 ,"89100",56,8
커피,매머드커피(Mammoth coffee),92,70,259676 ,"88830",4,34
커피,블레스롤(Bless Roll),65,20,237056 ,"215100",20,10
커피,블랙라인커피,81,11,145630 ,"79670",0,27
커피,1LiTER COFFEE,67,8,101291 ,"62510",12,0
커피,카페원플러스원,113,49,107182 ,"90950",4,6
커피,반반스프링스커피(BANBANSPRINGS COFFEE),67,14,255035 ,"63500",21,28
커피,데니스,95,18,151600 ,"42850",27,38
커피,토리스타특별한커피,57,11,135231 ,"140050",36,9
커피,커피가예쁘다,157,6,131668 ,"130900",16,33
커피,달리는커피,44,49,141177 ,"32560",40,8
커피,카페루앤비,106,81,61010 ,"53490",20,33
커피,라크리마커피,26,9,67115 ,"60000",100,0
커피,"지브릭커피(G,BRICK COFFEE)",86,6,21759 ,"86556",16,0
커피,우주라이크(WOULDULIKE),47,108,98065 ,"47676",37,8
커피,빈스빈스,164,26,183690 ,"155000",3,11
커피,바빈스,110,58,126324 ,"69000",17,25
커피,엔제리너스,169,483,280561 ,"310756",3,18
커피,크레이저커피(C.Razer coffee),76,12,60795 ,"73500",58,25
커피,빽다방,138,617,325010 ,"84349",8,1
커피,제퍼빈스(Zephyr Beans),104,4,57459 ,"69900",0,25
커피,일커피(iL COFFEE),34,5,352646 ,"67350",20,20
커피,컴포즈커피(COMPOSE COFFEE),79,384,260853 ,"83210",45,1
커피,베스트빈,198,29,63497 ,"47850",6,10
커피,아로이커피,81,9,153221 ,"123250",22,33
커피,카페보니또,104,32,139152 ,"132270",6,18
커피,엘아르카,49,9,74775 ,"105300",11,0
커피,이디야커피,235,2651,216931 ,"128470",11,1
커피,주커피,104,31,170907 ,"237650",3,25
커피,일리 카페 (illy Caffe),130,12,201176 ,"250340",25,0
커피,라떼킹(latteking),144,12,118040 ,"85500",0,33
커피,킹스빈,37,13,134615 ,"59800",30,15
커피,커피명가,192,36,227722 ,"198600",8,8
커피,봄봄테이크아웃(봄봄TAKE-OUT),74,224,196274 ,"73500",24,5
커피,랭스터디카페(LANG STUDY CAFE),43,13,236417 ,"243841",46,7
커피,마린커피,44,7,135152 ,"77570",28,0
커피,퀸즈브라운,72,20,108658 ,"64700",25,70
커피,9cafe,54,9,141591 ,"80900",0,11
커피,카페인중독,44,35,144837 ,"50000",71,14
커피,에슬로우커피(ESLOW COFFEE),72,23,225477 ,"50300",30,8
커피,텀브커피,62,51,87402 ,"78650",19,23
커피,달콤,106,138,207629 ,"182800",10,10
커피,아임일리터,47,40,266211 ,"79600",45,0
커피,벌크커피(BULK COFFEE),38,104,183451 ,"69100",39,2
커피,빌리브라운(BILLYBROWN),59,14,145961 ,"58550",21,7
커피,하바나익스프레스,82,15,119667 ,"78900",0,66
커피,카페리빈,80,19,115738 ,"79250",31,26
커피,전광수커피,60,14,261898 ,"174500",0,7
커피,카페베네,153,314,196464 ,"175500",7,20
커피,다빈치커피,289,19,105789 ,"177700",0,42
커피,플라타너스(PLATANUS),93,6,85830 ,"178300",16,16
커피,커피펍스,64,2,49344 ,"45880",0,50
커피,라스베이글,65,8,183439 ,"89150",25,0
커피,카페다빈치,174,4,144411 ,"271000",0,25
커피,바리스타비,138,11,55718 ,"36300",0,0
커피,카페라떼르,11,15,87210 ,"0",0,13
커피,마시그래이,82,75,132610 ,"62700",14,20
커피,카페일루이스,158,36,22344 ,"200702",8,8
커피,카페도헤이 왕의커피,59,17,85863 ,"46700",35,5
커피,뜰커피,33,16,209653 ,"98800",62,0
커피,핸즈커피 (HANDS COFFEE),163,93,272102 ,"187501",16,8
커피,꿀스커피GGUL'S COFFEE,49,36,84639 ,"49200",52,16
커피,나인어클락커피,79,2,227277 ,"72050",0,100
커피,터치카페,42,42,53757 ,"71500",30,4
커피,아마떼,112,24,120554 ,"99220",4,12
커피,감성커피,38,162,137315 ,"42400",37,11
커피,아프리카커피초콜릿,57,9,101177 ,"79000",33,0
커피,카페브라우니30(CAFE BROWNY30),51,3,175784 ,"125572",0,0
커피,아마스빈,151,125,403777 ,"66600",38,0
커피,커피더캠프,52,17,144262 ,"78922",5,41
커피,비엔나커피하우스,46,43,282835 ,"167600",39,2
커피,커피에반하다,120,688,109998 ,"61226",22,8
커피,커피나무,120,46,208784 ,"102000",15,17
커피,"오늘도, 카페일리터",62,38,117478 ,"42900",97,0
커피,CAFE 설렘주의보,24,15,127383 ,"51050",100,0
커피,베러먼데이,56,18,118539 ,"63000",61,11
커피,포트오브모카(Port of Mocha),119,28,91011 ,"53270",7,17
커피,더웨이닝커피(THE WAIN-ING COFFEE),133,32,235701 ,"161200",18,12
커피,더바움(The BAUM),34,13,216947 ,"84200",76,15
커피,아임홈,36,6,350425 ,"127200",0,33
커피,경성코페,49,11,241571 ,"184500",18,9
커피,플루800,11,19,65532 ,"0",31,0
커피,성별 에이유,36,7,82857 ,"82850",0,0
커피,몬스터커피,26,22,212918 ,"56150",100,0
커피,라벨스하이디,36,9,144157 ,"114080",0,0
커피,해리스카페,133,22,118450 ,"120500",9,18
커피,카페아이엠티,112,28,213857 ,"88800",3,10
커피,커피코트,58,35,187676 ,"93160",17,11
커피,로반스윗,41,10,84300 ,"73950",30,20
커피,카페띠아모,191,114,154308 ,"177051",0,14
커피,슈퍼사이즈커피,77,13,76213 ,"46410",0,7
커피,토프레소,185,225,92216 ,"67516",9,15
커피,아필코(APILCO),42,4,472542 ,"236000",50,0
커피,더마스터커피,48,10,111168 ,"63800",20,0
커피,어벤더치커피,48,45,195280 ,"89150",20,2
커피,도노텀블,63,16,128089 ,"66270",37,12
커피,커피나뜨래,65,27,37136 ,"68450",3,11
커피,쉬즈베이글 커피,28,24,319403 ,"53890",66,4
커피,프롬하츠(FROM HEARTS),60,11,209863 ,"150550",27,0
커피,카페홀릭(CAFE HOLIC),74,8,117152 ,"58000",0,0
커피,커피볶는집,170,3,114558 ,"149650",33,0
커피,슈퍼커피,86,32,147302 ,"65698",9,21
커피,코페아커피(COFFEA COFFEE),168,16,136227 ,"147000",0,31
커피,카페코나퀸즈,71,10,281150 ,"205800",40,30
커피,록시드갸토(LOXID GATEAU),29,13,141829 ,"81450",84,0
음료(커피 외),매스커피,91,26,208345 ,"118500",7,0
음료(커피 외),킹콩쥬스엔커피,62,84,46947 ,"53920",11,14
음료(커피 외),차얌,29,92,271762 ,"71380",100,0
음료(커피 외),타이거슈가(TIGER SUGAR),23,41,1407209 ,"81100",100,0
음료(커피 외),호이차,23,29,206459 ,"74030",100,6
음료(커피 외),흑화당,25,61,397053 ,"87986",100,4
음료(커피 외),쥬씨(JUICY),70,480,155777 ,"71380",6,29
음료(커피 외),스무디킹(SMOOTHIEKING),217,113,183189 ,"148500",30,9
음료(커피 외),쥬스팩토리,62,6,75507 ,"61510",0,16
음료(커피 외),팔공티,46,212,208663 ,"72950",83,0
음료(커피 외),공차,97,498,448335 ,"124410",25,1
음료(커피 외),쩐주단,25,16,355134 ,"77490",100,43
음료(커피 외),곰브라더스,62,11,84582 ,"65450",0,100
음료(커피 외),더퓨러,55,7,120470 ,"65910",14,100
음료(커피 외),쥬스킹(JUICE KING),57,18,70375 ,"54350",11,16
음료(커피 외),쥬스스타,60,13,46925 ,"54074",7,92
음료(커피 외),fave,11,2,406008 ,"145300",100,0
음료(커피 외),차타임라운지,49,5,175290 ,"116500",40,20
음료(커피 외),아마스빈코리아,85,67,425034 ,"66600",29,5
음료(커피 외),오가다,132,91,119266 ,"142100",20,20
음료(커피 외),마이쥬스,74,8,193882 ,"113050",50,25
음료(커피 외),요거트맨,50,6,25886 ,"85500",50,16
음료(커피 외),19티(TEA),42,48,119268 ,"64950",60,6
음료(커피 외),제주스,63,13,125548 ,"81300",30,7
음료(커피 외),모리셔스브라운(Mauritius Brown),24,8,180455 ,"57200",100,12
주점,주식회사포차천국,58,119,316024 ,"84940",31,10
주점,전포로 미팅룸,24,8,849022 ,"102980",100,12
주점,만만코코로,63,16,531589 ,"101550",43,68
주점,청춘연가,64,19,235245 ,"67890",57,21
주점,꼬지사께,124,189,133504 ,"55890",15,37
주점,엘리팝,159,68,191565 ,"74930",14,20
주점,작업반장,90,14,101227 ,"58176",0,21
주점,가르텐호프앤레스트,202,63,175765 ,"118755",0,31
주점,토대력,141,36,211517 ,"59080",8,16
주점,와사비,26,7,144924 ,"59750",100,0
주점,김양비어,70,33,92266 ,"56900",45,87
주점,코&타베,21,7,734936 ,"160600",100,0
주점,김복남맥주,29,40,257286 ,"50950",92,10
주점,로얄자카르타,39,19,262611 ,"90550",47,36
주점,투다리,395,1475,121928 ,"45330",10,14
주점,포차고고(포차어게인),64,73,277169 ,"80500",6,49
주점,용구비어,97,79,133813 ,"66990",3,60
주점,갈매기브루잉,76,5,248920 ,"138800",0,0
주점,KMGM HOLD’EM & EVENT PUB(케이엠지엠홀드이엠앤이벤트펍),23,6,304192 ,"129500",100,0
주점,링코(RINKO),46,19,684178 ,"511000",47,0
주점,2도맥주 (2°C BEER),52,61,183992 ,"66000",16,13
주점,비어첸,52,33,212601 ,"107600",39,9
주점,촌댁맥주,38,37,399945 ,"66800",75,0
주점,만복국수집,162,78,297360 ,"59300",12,5
주점,최군맥주,92,27,130954 ,"67650",0,37
주점,오말짜비어,82,6,90000 ,"46200",16,33
주점,필스너하우스(PILSNER HOUSE),67,10,444405 ,"125400",30,0
주점,오호리준,32,5,383315 ,"92300",40,20
주점,단골손님,31,11,545108 ,"87800",100,0
주점,오땅비어,83,31,131778 ,"51260",0,19
주점,와인주막차차,47,13,385984 ,"159220",38,15
주점,퍼스트비어,144,16,102603 ,"76040",6,43
주점,브라더오뎅,59,21,133312 ,"49200",14,71
주점,금별맥주,27,6,1008372 ,"74600",83,0
주점,붐비어,141,31,130526 ,"48400",6,19
주점,79대포,82,61,258630 ,"69320",49,9
주점,포차왕안춘배,65,6,193765 ,"67650",66,16
주점,오비베어(OB BEAR),86,12,154470 ,"55550",0,0
주점,비어웍스,70,7,291142 ,"62500",0,28
주점,더한잔,108,6,451211 ,"98450",33,16
주점,폼프리츠,111,22,136924 ,"40050",0,13
주점,투사랑,172,61,52537 ,"25450",1,11
주점,식감이야기,36,14,316762 ,"97600",50,0
주점,구노포차,127,36,209715 ,"73050",30,19
주점,포차35구역,59,8,180165 ,"63800",12,100
주점,무한사케무사,98,9,353154 ,"53350",11,100
주점,브로스비어,43,10,212273 ,"55910",60,0
주점,3883 팔도실비집,64,45,238105 ,"73400",51,37
주점,아벡 데 프리츠,119,30,80075 ,"44350",6,16
주점,임창정의 소주한잔,77,26,633948 ,"213810",19,23
주점,1도씨맥주(1℃ 맥주),38,22,167184 ,"62700",31,22
주점,와인싸롱뱅뱅,29,7,809385 ,"130600",71,14
주점,안춘배씨,55,5,103482 ,"73150",20,80
주점,리얼펍,88,54,142577 ,"86590",29,29
주점,생활맥주,77,172,239228 ,"69100",16,14
주점,왕빈자전통주막,68,27,194983 ,"47100",51,44
주점,백스비어,71,33,628184 ,"78080",27,21
주점,통파이브,104,45,232790 ,"89310",4,20
주점,포차스미스,35,13,495225 ,"93500",0,38
주점,레드락,36,11,170787 ,"79420",18,54
주점,개집비어,88,21,203452 ,"66900",4,14
주점,미술관,81,56,485755 ,"150500",8,16
주점,시장통,95,3,183476 ,"42800",0,66
주점,레드문,32,3,373360 ,"120620",33,0
주점,옥탑방오봉자싸롱,86,85,152114 ,"51997",1,25
주점,크라운호프보리장인,43,214,364020 ,"62500",74,0
주점,경성주막1929,55,86,479742 ,"98150",11,20
주점,브롱스(BRONX),75,82,268379 ,"94700",13,12
주점,피쉬앤그릴&치르치르,63,10,162965 ,"106434",0,0
주점,짚동가리쌩주,176,11,211836 ,"88149",0,54
주점,뉴욕야시장,56,140,302511 ,"85840",20,22
주점,김봉남포장마차,71,17,237199 ,"72950",11,11
주점,군선생,132,12,277613 ,"76220",8,8
주점,쿨럭(coolluck),137,9,134808 ,"11900",0,77
주점,달빛맥주,37,27,150182 ,"60300",85,3
주점,잔잔,31,9,737091 ,"179200",55,0
주점,오춘자비어,98,60,127415 ,"61330",0,13
주점,브루웍스,43,15,257422 ,"93190",13,13
주점,크래프트한스(Craft Han's),87,45,314166 ,"83850",20,13
주점,사이야,116,33,178920 ,"85880",0,33
주점,동경야시장,66,71,392810 ,"79560",5,60
주점,느린마을양조장&펍,117,21,466337 ,"141050",19,19
주점,남오토코,100,21,348914 ,"118800",4,52
주점,한남동그집,98,49,175243 ,"61000",57,22
주점,밀회관,31,11,493022 ,"76736",90,9
주점,토리고야,68,8,670811 ,"107800",0,100
주점,준코노래타운,234,34,592434 ,"247500",17,2
주점,삼구포차,49,32,254692 ,"91750",6,68
주점,압구정 봉구비어,102,370,126594 ,"68100",3,19
주점,소소한일상의별난주점,91,23,148976 ,"43800",0,8
주점,노가리슈퍼,63,23,258905 ,"64370",8,4
주점,와라와라,200,13,441062 ,"202200",0,100
주점,민혁이네외국포차,49,7,336199 ,"116050",28,57
주점,대국민야시장,48,5,483978 ,"91750",20,40
주점,간이역,258,494,85669 ,"33280",4,9
주점,똥꼬,154,9,211212 ,"59972",0,44
주점,비어팩토리,113,10,199171 ,"104000",0,60
주점,치어스,220,121,221623 ,"104542",9,21
주점,대칠성포차,88,46,297279 ,"112450",6,36
주점,코젤다크하우스(KOZELDARKHAUS),90,23,284090 ,"99700",17,4
주점,편의점포차핫셰프,48,5,134885 ,"117400",20,100
주점,쓰리몽키즈,29,7,196667 ,"74720",71,0
주점,구름공방,79,12,175998 ,"136083",0,25
주점,오사카부루스,57,67,449394 ,"58190",23,47
주점,1943,23,45,1536915 ,"181000",100,0
주점,우아한 혼술식당,40,16,243607 ,"59970",93,0
주점,설맥(SEOL MAC),45,32,158860 ,"81700",40,21
주점,청담이상,89,78,711797 ,"219450",17,23
주점,사나포차,116,20,155535 ,"47960",20,10
주점,맥주바켓(맥주Barket),119,20,176306 ,"133260",0,40
주점,와바,235,53,210111 ,"212693",0,33
주점,도쿄술집,33,13,467230 ,"87500",84,30
주점,수맥집,47,17,145195 ,"41000",29,17
주점,포차플레잉,38,6,880119 ,"350300",0,0
주점,사거리식당,69,13,607500 ,"108400",23,23
주점,모로미,62,51,265996 ,"211800",100,27
주점,하루비어,53,24,263814 ,"95920",41,20
주점,맥주활력수,33,8,275745 ,"69900",62,0
주점,트레비어,35,8,255434 ,"197800",25,0
주점,코키펍(COCKY-PUB),83,5,683788 ,"147500",0,0
주점,김작가의 이중생활,60,17,368844 ,"158494",5,70
주점,홍스포차,36,13,231455 ,"66982",46,0
주점,역전할머니맥주1982,52,385,667973 ,"73860",60,0
주점,전주포민호맥,26,10,292090 ,"56450",100,0
주점,먹태,69,10,86655 ,"44358",0,20
주점,짱큰대구대가리,68,5,77766 ,"100670",0,60
주점,비어사케,88,37,138372 ,"53700",16,45
주점,땡초우동,90,35,182604 ,"52600",8,0
주점,비턴,112,111,146205 ,"90550",2,24
주점,짝태&노가리,77,133,163532 ,"33700",12,18
주점,청춘문방구,59,5,89523 ,"44800",20,0
주점,꾼노리,149,31,507069 ,"219950",0,25
주점,청춘싸롱,78,11,431961 ,"69850",0,72
주점,달빛한모금,76,6,244015 ,"96160",0,16
주점,700beer,152,49,177620 ,"129514",4,26
주점,주민상회,68,47,174323 ,"56100",17,21
기타 외식,닭익는마을,554,13,183975 ,"116633",0,7
기타 외식,샌드리아,39,66,86617 ,"114600",56,37
기타 외식,보고싶다,31,79,657633 ,"129314",77,0
기타 외식,미스코다리 미스터황태,50,8,223293 ,"67900",25,0
기타 외식,고반식당,51,24,787662 ,"150250",12,4
기타 외식,가마치통닭,57,398,237133 ,"48900",55,4
기타 외식,죽이야기,199,406,134950 ,"100650",10,9
기타 외식,포베이(PhoBay),221,65,440888 ,"178000",6,29
기타 외식,고돼지,41,21,345950 ,"40600",71,4
기타 외식,오공복이,64,20,291766 ,"75620",25,5
기타 외식,타코비,138,33,91024 ,"45400",15,36
기타 외식,jay coffee,59,6,121404 ,"117500",16,50
기타 외식,바오밥(BAOBAB),75,22,311664 ,"108206",4,18
기타 외식,최용찬의불노리,124,10,60684 ,"36750",50,20
기타 외식,불닭발땡초동대문엽기떡볶이,185,487,598693 ,"86447",5,0
기타 외식,브라운돈까스,85,58,233755 ,"79120",39,12
기타 외식,승승,24,36,440817 ,"138650",100,0
기타 외식,투고샐러드(TO GO salad),67,25,200838 ,"55250",28,0
기타 외식,월남쌈김상사,138,27,529581 ,"148950",7,7
기타 외식,고굽남 고기굽는남자,77,13,1119303 ,"124400",15,7
기타 외식,도쿄스테이크,56,42,415646 ,"81100",11,14
기타 외식,면당포,26,12,82896 ,"54430",100,8
기타 외식,쉐프의부대찌개,72,56,175219 ,"105685",7,21
기타 외식,오목집,35,10,967100 ,"135800",40,0
기타 외식,세광교대이층집,46,24,1341755 ,"171000",37,0
기타 외식,순남시래기,73,74,390541 ,"113300",5,12
기타 외식,막창도둑,87,60,256000 ,"48070",51,8
기타 외식,멘무샤,153,34,319723 ,"103900",8,17
기타 외식,연어로만,67,18,205552 ,"140250",22,11
기타 외식,유달리,71,34,194031 ,"95500",26,17
기타 외식,용범이네인계동껍데기,23,158,623038 ,"78840",100,1
기타 외식,붐바타,51,6,315160 ,"114048",66,100
기타 외식,미쓰족발,96,36,376760 ,"102820",0,16
기타 외식,엑소엑소 푸드카페,45,326,59630 ,"69020",44,2
기타 외식,카툰공감,58,6,106041 ,"239500",0,50
기타 외식,서울미트볼,58,8,233438 ,"68320",87,25
기타 외식,테그42(TEgg.42),20,5,200304 ,"82630",100,0
기타 외식,샐러디,71,59,177648 ,"80850",57,8
기타 외식,몽뜨레셰프,53,5,39448 ,"177800",0,20
기타 외식,몽뜨레셰프 인더키친 패밀리 레스토랑,53,5,778332 ,"285400",0,0
기타 외식,목우촌웰빙마을,304,54,364792 ,"107570",5,20
기타 외식,목우촌미소와돈,128,12,118829 ,"118670",25,58
기타 외식,토스트럭(TOAST LUCK),54,24,144405 ,"60070",25,33
기타 외식,호반식,21,15,67947 ,"62375",100,40
기타 외식,깐깐한족발,63,23,834859 ,"99600",17,4
기타 외식,팬아시아(Pan Asia),89,5,630497 ,"262970",0,20
기타 외식,서병장대김이병,123,5,272765 ,"59800",0,20
기타 외식,죤슨앤바오,34,9,327867 ,"28600",77,0
기타 외식,숯불의 향기,69,5,185739 ,"81210",20,40
기타 외식,제주도그릴,74,11,464572 ,"80020",9,18
기타 외식,고양이부엌,72,13,247355 ,"81900",15,7
기타 외식,어사출또,59,102,766352 ,"191440",16,7
기타 외식,팔삼닭발,58,7,144246 ,"30150",14,71
기타 외식,라라코스트(raracost),92,98,836984 ,"190100",0,9
기타 외식,서소문족발,89,9,599667 ,"128129",0,11
기타 외식,육봉달,105,16,491337 ,"105650",12,43
기타 외식,다채,86,13,182795 ,"70950",0,15
기타 외식,더돈까스(the돈까스),85,8,159865 ,"70950",0,12
기타 외식,소한마리몽땅무쏘,54,48,559276 ,"121800",35,35
기타 외식,곱창폭식,68,10,423595 ,"91150",30,0
기타 외식,바푸리쉬는시간,31,6,201712 ,"86350",66,83
기타 외식,바푸리pho베트남쌀국수,50,36,204817 ,"100980",11,47
기타 외식,캠토토스트,202,101,45388 ,"43017",9,18
기타 외식,은화수식당,87,49,212497 ,"59225",4,8
기타 외식,코코샤브,97,26,608091 ,"304800",7,7
기타 외식,낚시꾼 김춘복의 도시어부,30,10,878947 ,"107300",80,0
기타 외식,화화,164,37,675269 ,"114280",16,5
기타 외식,바르미샤브샤브n칼국수,137,27,958344 ,"581600",7,3
기타 외식,통큰갈비,60,71,438620 ,"103577",73,8
기타 외식,국민닭발,39,22,296942 ,"59750",22,0
기타 외식,바르미샤브칼국수,263,8,308628 ,"38090",0,0
기타 외식,달곰김밥,49,22,191136 ,"66190",0,4
기타 외식,곱창이야기,119,76,389161 ,"99100",15,11
기타 외식,화포식당,74,49,96495 ,"104500",8,14
기타 외식,종로할머니칼국수 수(手),102,12,37957 ,"109860",16,50
기타 외식,신사소곱창,103,9,546304 ,"46310",11,0
기타 외식,육회한 감전통닭,79,8,363364 ,"61450",0,75
기타 외식,대한닭발1979,92,15,195828 ,"32450",33,20
기타 외식,노군꼬치,78,59,233156 ,"64950",8,8
기타 외식,안동한우곱창,67,17,228584 ,"85600",52,17
기타 외식,대구반야월막창,155,129,177265 ,"56100",9,10
기타 외식,종로계림닭도리탕원조,111,13,452182 ,"74800",76,0
기타 외식,은하철도 곱곱곱,61,11,16671 ,"56825",63,45
기타 외식,곽두리쪽갈비,105,11,162186 ,"55300",18,9
기타 외식,싸움의고수,70,106,265505 ,"79000",34,1
기타 외식,고마담치킨,82,22,88518 ,"22800",9,9
기타 외식,셰프의돈까스,83,23,141957 ,"38280",26,13
기타 외식,카츠젠,57,25,453444 ,"63050",20,8
기타 외식,와이블랙,22,15,173547 ,"61520",100,0
기타 외식,닥엔돈스,160,59,150008 ,"32350",57,3
기타 외식,배터지는갈비,61,15,319697 ,"83300",13,46
기타 외식,리얼안심탕수육,71,93,132893 ,"32650",68,26
기타 외식,설원칡냉면&푸짐보쌈,157,18,91317 ,"86700",0,5
기타 외식,상남자의 고소한 생막창,22,22,10367 ,"57650",100,72
기타 외식,포36거리,99,15,231645 ,"71200",0,20
기타 외식,하노이별,139,25,303083 ,"82750",12,12
기타 외식,감성대패,21,7,700344 ,"281300",100,0
기타 외식,장금수부대찌개,83,23,214606 ,"59850",34,8
기타 외식,왕서방왕치킨피자,192,8,66407 ,"44770",12,25
기타 외식,하우돈곱창,139,30,213725 ,"72780",10,13
기타 외식,돈카츠&화꾸어,45,5,53470 ,"39900",80,40
기타 외식,쏘쏘맥주집,106,18,122120 ,"26300",11,55
기타 외식,맥쓰(MEXX)세계치킨,103,21,235675 ,"107000",4,33
기타 외식,싱글벙글복어,109,13,136653 ,"164380",0,7
기타 외식,해산물직화구이전문점삼바리,39,13,436646 ,"65350",46,0
기타 외식,매반생면,104,12,22535 ,"79950",8,8
기타 외식,33떡볶이,52,40,250807 ,"50990",32,5
기타 외식,장호짤라집,24,1,180000 ,"58900",100,0
기타 외식,고미후쿠데판,36,3,166667 ,"68800",66,0
기타 외식,플랩잭팬트리(Flapjack Pantry),84,17,205442 ,"130800",11,5
기타 외식,이흥선참치,72,5,549818 ,"100700",0,0
기타 외식,공릉동원조멸치국수,149,113,158444 ,"25330",10,5
기타 외식,가리미김밥,67,9,47014 ,"63900",11,0
기타 외식,오장동흥남집,41,6,592980 ,"124500",33,0
기타 외식,최고당돈가스,44,46,282032 ,"60364",54,0
기타 외식,마루샤브,115,27,1235960 ,"415200",3,7
기타 외식,오늘김해생뒷고기,84,24,366577 ,"49900",8,12
기타 외식,제주은희네해장국,52,20,462179 ,"150850",50,0
기타 외식,더족발,96,17,271358 ,"71144",5,17
기타 외식,전원숯불,129,20,1403576 ,"372000",5,0
기타 외식,최동민양푼갈비,59,10,272604 ,"107050",10,50
기타 외식,배가네동태탕찜전문점,54,11,256538 ,"67200",18,9
기타 외식,아낙촌,129,4,326752 ,"115500",0,25
기타 외식,툴스돈카츠,45,10,178952 ,"65620",100,40
기타 외식,장혁민의 부대찌개,60,35,316816 ,"96600",8,8
기타 외식,조대포,118,11,260828 ,"71590",36,9
기타 외식,종로맥가,67,73,192167 ,"48090",15,12
기타 외식,55온족발,98,18,143296 ,"78750",11,16
기타 외식,대패가1900,39,48,147715 ,"29500",60,0
기타 외식,장미막창,37,8,275085 ,"91650",50,0
기타 외식,황홀한막창,84,7,114054 ,"37650",42,85
기타 외식,남도술상,48,22,346728 ,"50600",13,9
기타 외식,신복관,67,18,585522 ,"91000",16,0
기타 외식,백남옥달인손만두,48,14,268469 ,"67900",50,35
기타 외식,왓삼,64,9,260946 ,"89700",55,22
기타 외식,호천당,37,24,381813 ,"95920",54,4
기타 외식,돈카냉면&파스타,34,7,360409 ,"79880",57,0
기타 외식,고베규카츠,64,14,391119 ,"195460",14,42
기타 외식,79네수육국밥,76,29,555825 ,"110600",34,3
기타 외식,남가네설악추어탕,239,71,320761 ,"122393",15,16
기타 외식,니뽕내뽕,103,67,428374 ,"90580",7,11
기타 외식,김영희강남동태찜,195,71,308855 ,"104000",0,21
기타 외식,김민성I'm넙띠기돈까스,50,7,203419 ,"64700",28,0
기타 외식,오쭈,80,9,391107 ,"96250",0,22
기타 외식,내가찜한코다리찜,51,7,62442 ,"82500",14,14
기타 외식,최숙이네,97,11,208505 ,"91900",0,18
기타 외식,미친고기,57,16,436824 ,"107530",12,0
기타 외식,산청자매훠궈,32,10,276939 ,"9700",80,0
기타 외식,설화참숯닭갈비,59,7,128609 ,"89150",14,0
기타 외식,산쪼메,178,49,207647 ,"104050",2,30
기타 외식,닭이봉춘천닭갈비,134,37,215533 ,"98870",2,13
기타 외식,봉구스밥버거,113,580,108546 ,"40000",11,21
기타 외식,빅쭌부대찌개,36,20,303555 ,"92950",50,5
기타 외식,앗싸곱창,194,30,229508 ,"37750",13,6
기타 외식,노랑강정,109,4,235260 ,"59950",25,25
기타 외식,브라더탕수,40,39,74676 ,"4210",79,12
기타 외식,굴천지&초계국수,76,12,178664 ,"23250",33,16
기타 외식,마약먹태,56,12,155059 ,"44800",33,0
기타 외식,강창구찹쌀진순대,141,26,502465 ,"99400",15,19
기타 외식,메고지고,56,16,72685 ,"100886",25,75
기타 외식,이름없는 파스타,35,8,363638 ,"73380",62,12
기타 외식,철판떼기,35,10,81956 ,"72300",80,70
기타 외식,등갈비애꼬치다,41,7,178449 ,"56750",28,14
기타 외식,통불,76,9,303709 ,"46800",66,11
기타 외식,닭코치 비어선수,33,26,119916 ,"93300",69,34
기타 외식,싱싱난리부르스,67,10,171649 ,"72400",10,70
기타 외식,누룩꽃 피는날,110,19,297000 ,"135200",0,5
기타 외식,101번지 남산돈까스,61,14,310957 ,"122780",85,0
기타 외식,라무진,77,100,338286 ,"83700",12,5
기타 외식,델리커리(DELHICURRY),132,18,432751 ,"131450",55,22
기타 외식,남천할매떡볶이,124,13,198114 ,"66575",38,23
기타 외식,리얼하노이,26,19,64573 ,"31550",100,0
기타 외식,문토스트,35,13,355698 ,"65700",61,7
기타 외식,가마솥김치찜,31,2,44250 ,"24550",100,50
기타 외식,밀겨울,50,23,139852 ,"61400",26,8
기타 외식,오니기리와이규동,143,58,176132 ,"61730",3,8
기타 외식,미스터빠삭,30,39,127610 ,"70200",71,5
기타 외식,오리도니,50,66,93073 ,"36440",37,27
기타 외식,포아이니(PHOINI),47,26,174639 ,"75700",23,11
기타 외식,김가네김밥,299,427,350058 ,"74100",7,8
기타 외식,맛쭈서해쭈꾸미,170,8,441455 ,"89800",0,37
기타 외식,귀한족발,19,6,505411 ,"91110",100,0
기타 외식,우쿠야,210,60,215673 ,"95279",23,31
기타 외식,육전면사무소,131,13,260355 ,"56282",15,23
기타 외식,토마토도시락,150,99,224374 ,"62300",10,15
기타 외식,브런치앤다이닝37.5(Brunch&Dining37.5),47,18,377585 ,"115580",50,0
기타 외식,숙달돼지,10,34,662090 ,"130100",41,11
기타 외식,화통집,99,11,210630 ,"105100",0,18
기타 외식,원조 김할머니 의령소바,105,17,241500 ,"105600",41,11
기타 외식,지짐이,196,22,161146 ,"70785",0,18
기타 외식,홍대개미,60,38,652779 ,"153360",15,0
기타 외식,츄카롱,30,3,3 ,"68000",66,0
기타 외식,쇼부,42,20,77495 ,"90250",50,70
기타 외식,썬더치킨,183,344,100169 ,"46200",7,14
기타 외식,상 동양수산,43,6,351803 ,"60400",0,100
기타 외식,혜화동돈까스극장,53,98,60049 ,"41690",21,14
기타 외식,스푼더마켓,97,15,776425 ,"327600",0,53
기타 외식,포차끝판왕,47,27,1019333 ,"165250",0,29
기타 외식,가츠린,58,11,304252 ,"156300",54,0
기타 외식,풀잎채,82,6,1797739 ,"588689",0,16
기타 외식,소메랑,70,8,386392 ,"54700",0,37
기타 외식,그라찌에,202,66,115642 ,"67700",4,13
기타 외식,펍피맥,39,9,258382 ,"90880",11,22
기타 외식,뚱보집,29,160,386689 ,"72520",100,7
기타 외식,헬로팬,26,4,329211 ,"109700",100,0
기타 외식,당산오돌,32,18,479415 ,"93000",83,33
기타 외식,진1926,47,18,287170 ,"81801",38,16
기타 외식,배달5삼겹,42,10,314263 ,"16170",0,0
기타 외식,삼돈이,49,14,324560 ,"103250",42,50
기타 외식,코바코,261,179,189574 ,"169801",7,11
기타 외식,한스델리,203,84,252813 ,"93000",1,21
기타 외식,육회공작소,68,22,472109 ,"67650",0,22
기타 외식,무보까국밥,81,29,395112 ,"71460",13,6
기타 외식,새우꺾기,87,8,118701 ,"51500",12,50
기타 외식,수내닭꼬치,57,158,111940 ,"42140",40,16
기타 외식,강남교자,107,27,383851 ,"144700",14,7
기타 외식,달테이블,82,10,414615 ,"195740",0,30
기타 외식,더꼬치다,27,67,122096 ,"38300",98,0
기타 외식,나드리김밥,89,64,150799 ,"68450",12,1
기타 외식,치폴레옹,40,8,174248 ,"53500",0,25
기타 외식,샤브향,155,163,602644 ,"253600",7,5
기타 외식,정든낙지,82,6,547828 ,"270300",0,0
기타 외식,샌드프레소,206,3,71896 ,"158500",0,0
기타 외식,엉클부대찌개,46,19,271002 ,"73050",47,0
기타 외식,공룡고기,136,12,566034 ,"297450",16,16
기타 외식,백년회관서서갈비,35,23,715537 ,"218550",30,56
기타 외식,곱창가,67,35,487903 ,"74170",14,14
기타 외식,농부애갈비,74,7,948215 ,"184300",14,14
기타 외식,짬뽕상회,92,31,265782 ,"60975",22,19
기타 외식,등갈비달인,67,3,796331 ,"68100",0,33
기타 외식,코이라멘,30,22,292606 ,"87100",50,0
기타 외식,바른곱창,22,7,141635 ,"39182",100,0
기타 외식,바다양푼이 동태탕 찜,134,327,20826 ,"3800",22,31
기타 외식,비와별 닭갈비,62,18,528482 ,"197500",27,16
기타 외식,에그드랍(EGG DROP),40,143,379545 ,"97450",74,0
기타 외식,정든닭발,154,28,323451 ,"91300",28,10
기타 외식,숨비소리,49,7,583380 ,"241340",28,42
기타 외식,육회지존,63,53,295198 ,"55050",11,32
기타 외식,현죽,130,21,97214 ,"55680",4,14
기타 외식,만이갈비,28,16,688982 ,"137500",87,12
기타 외식,소담비빔국수,136,11,200886 ,"56100",0,18
기타 외식,정직한푸줏간육화몽,53,8,636888 ,"110600",12,0
기타 외식,꼬챙이,184,7,117733 ,"10800",0,0
기타 외식,우리동네맛집 청해코다리,37,3,27275 ,"108700",0,33
기타 외식,장인닭갈비,65,15,762979 ,"99920",46,46
기타 외식,통큰무한삼겹,56,15,397947 ,"91828",66,40
기타 외식,모미락,74,8,293197 ,"49720",62,25
기타 외식,더포(THE PHO),41,18,483618 ,"170000",22,0
기타 외식,더코드,57,11,101188 ,"95500",9,0
기타 외식,완백부대찌개,59,7,560927 ,"118775",14,28
기타 외식,리원,85,13,201764 ,"185668",0,7
기타 외식,밥스테이크,45,10,188979 ,"76060",0,60
기타 외식,우리집다음에맛있는집양평해장국,221,93,277281 ,"9427",16,13
기타 외식,북촌손만두,119,174,313215 ,"85410",19,20
기타 외식,육감만족,67,83,413777 ,"136000",25,10
기타 외식,에쎄레젤라또,74,2,185209 ,"266830",0,100
기타 외식,커피스미스,117,45,404243 ,"252215",15,15
기타 외식,연막술,94,8,476109 ,"94050",12,50
기타 외식,고래고래회&해산물포차,68,2,515793 ,"98800",0,100
기타 외식,사계절카레,38,8,228924 ,"64000",25,50
기타 외식,족발야시장,55,142,636126 ,"89800",38,2
기타 외식,육회한연어,65,10,573969 ,"67650",30,100
기타 외식,참치라이더,32,18,146373 ,"56890",94,16
기타 외식,마이카츠,49,13,312481 ,"76650",69,0
기타 외식,더오니기리플러스,55,6,170457 ,"51400",0,16
기타 외식,곱창고,93,148,367276 ,"51758",6,36
기타 외식,오징어청춘,131,25,780059 ,"107800",4,20
기타 외식,포메인,172,127,422601 ,"185950",4,13
기타 외식,버거앤프라이즈(Burger&Friez),53,27,181802 ,"83300",48,25
기타 외식,박은자맛사랑,43,11,456431 ,"109500",0,36
기타 외식,미사리스테이크,36,2,459191 ,"169415",50,0
기타 외식,고기고샵,70,2,721602 ,"212780",0,50
기타 외식,불난술집,65,65,283004 ,"59150",35,23
기타 외식,연타발,119,6,3616977 ,"254125",0,0
기타 외식,뚜띠쿠치나,165,11,535566 ,"165930",9,9
기타 외식,강정이기가막혀,156,5,197102 ,"30260",0,100
기타 외식,몽슈슈,26,5,140602 ,"99669",100,0
기타 외식,떼루와,84,58,121914 ,"59100",5,41
기타 외식,콩심,70,91,506351 ,"91550",26,7
기타 외식,칼리가리 박사의 밀실,48,13,364247 ,"84500",15,15
기타 외식,맛나슈퍼,60,37,209232 ,"40700",13,21
기타 외식,구슬함박,77,5,612632 ,"233300",20,40
기타 외식,쿡1015,108,124,228565 ,"61180",27,4
기타 외식,돈수백,151,19,487792 ,"107000",0,15
기타 외식,꽃담은소,78,16,408268 ,"185854",31,0
기타 외식,미방,52,11,264002 ,"92840",54,0
기타 외식,홍수계찜닭,69,19,499086 ,"118100",31,15
기타 외식,쿠마키친,34,6,128947 ,"99281",100,0
기타 외식,뿅가야채곱창,70,32,57462 ,"40298",53,15
기타 외식,우리동네미미네,94,7,29323 ,"53000",42,57
기타 외식,돈까스클럽,143,61,702442 ,"240750",3,11
기타 외식,다영신토불이,222,13,331218 ,"249200",0,7
기타 외식,가배두림,161,9,482881 ,"102790",11,11
기타 외식,메밀나라,55,9,471676 ,"119800",11,11
기타 외식,황소곱창,37,9,339383 ,"67200",55,33
기타 외식,불불이족발,116,35,196729 ,"42590",5,45
기타 외식,온마리,98,11,190854 ,"60090",27,9
기타 외식,달려라팬,43,4,314884 ,"43020",50,100
기타 외식,삼겹시대1900,48,18,215510 ,"92100",16,22
기타 외식,한씨네대가추어탕,114,7,256456 ,"218150",28,28
기타 외식,담락참치일잔,50,14,293618 ,"55050",42,14
기타 외식,오식야주육회관,54,7,303103 ,"54450",14,14
기타 외식,인근주민,40,18,279300 ,"126750",11,100
기타 외식,킨지(KINJI),38,10,421823 ,"112965",20,10
기타 외식,직화한상,31,15,473124 ,"66300",73,0
기타 외식,유천냉면,129,19,314812 ,"144782",5,10
기타 외식,치주고고,40,9,144935 ,"54670",11,55
기타 외식,애플블러썸,57,7,193771 ,"187800",0,14
기타 외식,군자대한곱창,22,25,1432056 ,"84100",100,0
기타 외식,얌스,135,25,340961 ,"56350",12,4
기타 외식,모모야,62,11,402279 ,"72400",54,0
기타 외식,창화당,28,5,694565 ,"114640",40,0
기타 외식,화로상회,48,25,689735 ,"71850",72,0
기타 외식,용호동낙지,52,38,785504 ,"146500",42,31
기타 외식,이시봉 족발보쌈,142,9,125467 ,"35330",33,22
기타 외식,깨순이김밥,206,25,57477 ,"36100",0,4
기타 외식,WITCH COFFEE & Witch's Stick,70,51,53919 ,"72400",25,25
기타 외식,족발맨,26,16,108454 ,"67750",100,25
기타 외식,이차돌,48,227,833828 ,"146770",54,1
기타 외식,쪽갈비전문점 예감,221,46,156378 ,"66050",15,23
기타 외식,아자부,38,12,172667 ,"282000",50,25
기타 외식,말자네약속다방,59,5,59582 ,"63600",20,40
기타 외식,청담동말자싸롱,93,162,122573 ,"53100",8,16
기타 외식,쭉심,105,12,357500 ,"62700",0,0
기타 외식,김부삼,68,11,595530 ,"106920",0,9
기타 외식,굴세상,204,82,245353 ,"47630",1,4
기타 외식,모소리,24,7,462751 ,"107300",100,0
기타 외식,어처구니없는두릉도원북촌순두부,113,31,542396 ,"19520",41,6
기타 외식,곱선생,64,12,193466 ,"63800",41,16
기타 외식,홍스쭈꾸미,140,13,97096 ,"51550",15,46
기타 외식,원조설악추어탕,169,34,237758 ,"123890",5,11
기타 외식,다기야,124,30,155720 ,"112400",6,36
기타 외식,치즈밥있슈?,66,7,58509 ,"47000",28,14
기타 외식,칠프로칠백식당,119,13,474103 ,"95000",15,7
기타 외식,우마루,183,9,334403 ,"125900",0,11
기타 외식,육장갈비,108,39,371660 ,"125900",30,5
기타 외식,심야스테이크,44,4,168839 ,"48000",25,0
기타 외식,아비꼬,140,88,470243 ,"122900",18,11
기타 외식,블랙스테이크,81,9,323516 ,"195460",0,55
기타 외식,하늘보리피자,128,42,78307 ,"58300",2,26
기타 외식,화레무,41,4,267693 ,"9700",25,0
기타 외식,장충당,123,14,384525 ,"49390",0,14
기타 외식,소담촌,75,71,1004626 ,"51560",29,0
기타 외식,양연화로,49,7,873116 ,"139200",14,0
기타 외식,대구우야지막창,78,38,398263 ,"82200",7,2
기타 외식,국대오리,97,7,316905 ,"73200",0,0
기타 외식,바B큐맥덕,45,3,59280 ,"53400",0,0
기타 외식,문가네 정육식당,32,6,617312 ,"122700",66,0
기타 외식,구이가,175,29,255208 ,"67300",0,20
기타 외식,예가수제순대,38,5,314413 ,"84800",20,0
기타 외식,2代맛태,49,8,485500 ,"91650",87,62
기타 외식,콩사돈,51,11,290658 ,"29700",0,36
기타 외식,보리네생고깃간,148,18,161252 ,"160650",0,11
기타 외식,갈매기먹짱,68,29,118027 ,"76900",6,0
기타 외식,다이닝센,87,9,323781 ,"206800",0,11
기타 외식,빨봉분식,120,74,180328 ,"65640",8,25
기타 외식,삼육칠하우스,43,2,749864 ,"141075",50,0
기타 외식,와플대학,70,71,158007 ,"51500",46,8
기타 외식,회덮밥전문점인마루,156,13,148121 ,"97780",7,92
기타 외식,호토모토(HottoMotto),56,8,251024 ,"56890",37,62
기타 외식,그램그램,92,75,259635 ,"168800",2,58
기타 외식,추오정,83,43,606623 ,"217800",9,4
기타 외식,통돼지두루치기 한돈돈돈,52,11,199670 ,"41600",9,0
기타 외식,돈까스짱,36,10,154221 ,"18500",40,30
기타 외식,경성함바그,70,22,469771 ,"190410",9,22
기타 외식,빛나는바다,77,18,1038195 ,"144315",0,22
기타 외식,명동찌개마을,82,65,485199 ,"49500",10,26
기타 외식,MH백년갈비,39,17,347119 ,"109500",41,0
기타 외식,모찌이야기,83,9,198917 ,"77325",77,11
기타 외식,청춘감성쌀핫도그,50,140,60687 ,"34000",18,25
기타 외식,육미명가옛날아우내순대&보쌈,65,81,129097 ,"17500",29,11
기타 외식,병천황토방순대,276,43,139417 ,"17500",6,9
기타 외식,달구지막창,126,37,127131 ,"32700",13,27
기타 외식,부엉이돈가스,64,29,439031 ,"225835",24,27
기타 외식,콩샌,113,34,97474 ,"62150",14,32
기타 외식,디저트39,67,135,141155 ,"116490",17,25
기타 외식,바이젠하우스,71,11,387811 ,"115420",18,0
기타 외식,수누리,216,20,662027 ,"96200",0,0
기타 외식,풍국면,45,25,481380 ,"135000",48,8
기타 외식,배달돼지,53,29,202504 ,"45920",20,51
기타 외식,꼬꼬씨참숯불닭갈비,68,26,56129 ,"76150",50,38
기타 외식,어묵나라,277,25,369656 ,"60300",44,36
기타 외식,베브릿지,48,13,224746 ,"110800",53,7
기타 외식,노가리&BEER,79,136,192039 ,"72770",29,8
기타 외식,심청아배고파,170,13,243521 ,"59400",15,15
기타 외식,대만샌드위치 풍성호,25,20,206682 ,"57300",100,0
기타 외식,아그집쭈꾸미,142,17,523982 ,"85900",0,0
기타 외식,어풍당당,35,7,842323 ,"159300",57,0
기타 외식,마늘은약이다 보쌈&족발,60,11,648702 ,"85600",18,27
기타 외식,인기명,65,34,746034 ,"114650",35,0
기타 외식,월남선생,57,50,158022 ,"61840",8,44
기타 외식,백정,141,5,1016992 ,"112329",0,60
기타 외식,엉뚱한상상,46,26,105633 ,"65300",23,61
기타 외식,한우궁,66,34,226324 ,"68000",14,50
기타 외식,수유다래함박스텍,11,13,237246 ,"46100",100,0
기타 외식,신도세기,33,9,1446589 ,"235250",55,0
기타 외식,순곱이네,84,28,193427 ,"27080",17,32
기타 외식,겟201(GET201),54,5,726371 ,"306900",20,0
기타 외식,지훈남닭발,67,26,143591 ,"60100",7,34
기타 외식,푸릴리,70,14,329558 ,"70050",28,28
기타 외식,황가네꼼닭,55,11,163444 ,"93800",9,18
기타 외식,보고싶다,23,3,657633 ,"129314",100,0
기타 외식,로니로티,108,9,1075136 ,"329150",33,22
기타 외식,껍데기클라쓰,24,20,381051 ,"81200",100,30
기타 외식,징기스,65,54,584471 ,"101030",0,9
기타 외식,"진가원 전주콩나물국밥,묵사발",50,13,270175 ,"105400",15,7
기타 외식,큰바다해물아구찜,28,4,494406 ,"66600",75,0
기타 외식,김이박부대찌개앤스테이크,87,8,79713 ,"71750",25,25
기타 외식,청주본가,125,35,314845 ,"16000",14,11
기타 외식,개성집,71,47,480500 ,"136100",6,4
기타 외식,맛있는 오칠구,76,27,160786 ,"75600",0,51
기타 외식,북해도목장,49,2,367682 ,"102150",0,0
기타 외식,육봉달333,60,5,400842 ,"110650",40,20
기타 외식,웅이네 오돌뼈,111,64,313187 ,"62150",32,4
기타 외식,종로김밥,173,65,342861 ,"50000",1,13
기타 외식,원조전통명가 통큰할매순대국,63,12,146300 ,"109500",8,100
기타 외식,청정고을순대,194,7,130714 ,"97050",0,0
기타 외식,커피왕,51,28,131899 ,"61135",25,3
기타 외식,바비큐BOX,43,8,52540 ,"35250",0,0
기타 외식,곱창파이터,32,15,171467 ,"65400",53,33
기타 외식,원당감자탕,205,37,349099 ,"91000",10,2
기타 외식,뽕잎사랑샤브칼국수보쌈냉면,224,33,397569 ,"123570",3,18
기타 외식,해초과메기,42,24,48367 ,"55130",12,4
기타 외식,길동우동,39,22,407699 ,"74600",77,4
기타 외식,곱창제작소,60,7,267488 ,"89600",28,0
기타 외식,바비박스,108,7,118638 ,"56340",57,100
기타 외식,정성찬,37,33,322176 ,"89900",75,0
기타 외식,스마일핫도그&커피,39,4,96000 ,"52050",50,25
기타 외식,비에뜨반미,41,39,107764 ,"76985",30,20
기타 외식,보돌미역,48,32,611318 ,"137550",31,6
기타 외식,후레쉬팩토리,30,17,94857 ,"38300",11,76
기타 외식,버금새우,43,9,183365 ,"50070",55,22
기타 외식,돈탐라제주,92,9,184087 ,"88990",22,33
기타 외식,농장사람들,45,7,1825835 ,"222400",14,14
기타 외식,포항황소곱창,27,8,327105 ,"74800",100,0
기타 외식,김덕후의 곱창조,86,24,779384 ,"121050",8,4
기타 외식,화덕고깃간,44,5,426872 ,"182300",40,0
기타 외식,반반한족발닭발,50,5,138981 ,"75510",40,0
기타 외식,아재불닭발,50,8,237972 ,"21130",100,0
